as_of_dt,account_id,ledger_balance_sod,daily_accrual,accrual_cents,accrued_interest_eod
2026-01-01,500002,25000.00,2.808219,2.81,2.808219
2026-01-01,500004,152000.00,18.739726,18.74,18.739726
2026-01-01,500006,48000.00,5.128767,5.13,5.128767
2026-01-01,500008,10000.00,1.424658,1.42,1.424658
2026-01-01,500009,83896.90,11.952435,11.95,11.952435
2026-01-01,500011,1050.00,0.105000,0.10,0.105000
2026-01-01,500015,47038.43,4.703843,4.70,4.703843
2026-01-01,500016,4143.25,0.414325,0.41,0.414325
2026-01-01,500020,27933.80,3.979610,3.98,3.979610
2026-01-01,500021,56113.10,6.303115,6.30,6.303115
2026-01-01,500022,157071.51,19.364981,19.36,19.364981
2026-01-01,500023,1250.00,0.125000,0.12,0.125000
2026-01-01,500024,58898.49,5.889849,5.89,5.889849
2026-01-01,500025,17791.43,2.534669,2.53,2.534669
2026-01-01,500026,35281.13,3.769765,3.77,3.769765
2026-01-01,500027,4255.20,0.454665,0.45,0.454665
2026-01-01,500028,95062.64,13.543171,13.54,13.543171
2026-01-01,500029,157301.93,19.393389,19.39,19.393389
2026-01-01,500030,32630.94,3.486594,3.49,3.486594
2026-01-01,500031,88672.25,10.932195,10.93,10.932195
2026-01-01,500033,133239.39,16.426774,16.43,16.426774
2026-01-01,500034,233397.39,28.775021,28.78,28.775021
2026-01-01,500036,11785.43,1.323843,1.32,1.323843
2026-01-01,500037,12550.00,1.255000,1.25,1.255000
2026-01-01,500039,58203.25,7.175743,7.18,7.175743
2026-01-01,500041,83619.91,10.309304,10.31,10.309304
2026-01-01,500044,50476.36,5.047636,5.05,5.047636
2026-01-01,500047,67589.33,9.629165,9.63,9.629165
2026-01-01,500048,4190.52,0.447754,0.45,0.447754
2026-01-02,500002,25000.00,2.808219,2.81,5.616438
2026-01-02,500004,152000.00,18.739726,18.74,37.479452
2026-01-02,500006,48000.00,5.128767,5.13,10.257534
2026-01-02,500008,10000.00,1.424658,1.42,2.849316
2026-01-02,500009,83896.90,11.952435,11.95,23.904870
2026-01-02,500011,1050.00,0.105000,0.10,0.210000
2026-01-02,500015,47038.43,4.703843,4.70,9.407686
2026-01-02,500016,4143.25,0.414325,0.41,0.828650
2026-01-02,500020,27933.80,3.979610,3.98,7.959220
2026-01-02,500021,56113.10,6.303115,6.30,12.606230
2026-01-02,500022,157071.51,19.364981,19.36,38.729962
2026-01-02,500023,1250.00,0.125000,0.12,0.250000
2026-01-02,500024,58898.49,5.889849,5.89,11.779698
2026-01-02,500025,17791.43,2.534669,2.53,5.069338
2026-01-02,500026,35281.13,3.769765,3.77,7.539530
2026-01-02,500027,4255.20,0.454665,0.45,0.909330
2026-01-02,500028,95062.64,13.543171,13.54,27.086342
2026-01-02,500029,157301.93,19.393389,19.39,38.786778
2026-01-02,500030,32630.94,3.486594,3.49,6.973188
2026-01-02,500031,88672.25,10.932195,10.93,21.864390
2026-01-02,500033,133239.39,16.426774,16.43,32.853548
2026-01-02,500034,233397.39,28.775021,28.78,57.550042
2026-01-02,500036,11785.43,1.323843,1.32,2.647686
2026-01-02,500037,12550.00,1.255000,1.25,2.510000
2026-01-02,500039,58203.25,7.175743,7.18,14.351486
2026-01-02,500041,83619.91,10.309304,10.31,20.618608
2026-01-02,500044,50476.36,5.047636,5.05,10.095272
2026-01-02,500047,67589.33,9.629165,9.63,19.258330
2026-01-02,500048,4190.52,0.447754,0.45,0.895508
2026-01-03,500002,25000.00,2.808219,2.81,8.424657
2026-01-03,500004,152000.00,18.739726,18.74,56.219178
2026-01-03,500006,48000.00,5.128767,5.13,15.386301
2026-01-03,500008,10000.00,1.424658,1.42,4.273974
2026-01-03,500009,83896.90,11.952435,11.95,35.857305
2026-01-03,500011,1050.00,0.105000,0.10,0.315000
2026-01-03,500015,47038.43,4.703843,4.70,14.111529
2026-01-03,500016,4143.25,0.414325,0.41,1.242975
2026-01-03,500020,27933.80,3.979610,3.98,11.938830
2026-01-03,500021,56113.10,6.303115,6.30,18.909345
2026-01-03,500022,157071.51,19.364981,19.36,58.094943
2026-01-03,500023,1250.00,0.125000,0.12,0.375000
2026-01-03,500024,58898.49,5.889849,5.89,17.669547
2026-01-03,500025,17791.43,2.534669,2.53,7.604007
2026-01-03,500026,35281.13,3.769765,3.77,11.309295
2026-01-03,500027,4255.20,0.454665,0.45,1.363995
2026-01-03,500028,95062.64,13.543171,13.54,40.629513
2026-01-03,500029,157301.93,19.393389,19.39,58.180167
2026-01-03,500030,32630.94,3.486594,3.49,10.459782
2026-01-03,500031,88672.25,10.932195,10.93,32.796585
2026-01-03,500033,133239.39,16.426774,16.43,49.280322
2026-01-03,500034,233397.39,28.775021,28.78,86.325063
2026-01-03,500036,11785.43,1.323843,1.32,3.971529
2026-01-03,500037,12550.00,1.255000,1.25,3.765000
2026-01-03,500039,58203.25,7.175743,7.18,21.527229
2026-01-03,500041,83619.91,10.309304,10.31,30.927912
2026-01-03,500044,50476.36,5.047636,5.05,15.142908
2026-01-03,500047,67589.33,9.629165,9.63,28.887495
2026-01-03,500048,4190.52,0.447754,0.45,1.343262
2026-01-04,500002,25000.00,2.808219,2.81,11.232876
2026-01-04,500004,152000.00,18.739726,18.74,74.958904
2026-01-04,500006,48000.00,5.128767,5.13,20.515068
2026-01-04,500008,10000.00,1.424658,1.42,5.698632
2026-01-04,500009,83896.90,11.952435,11.95,47.809740
2026-01-04,500011,1050.00,0.105000,0.10,0.420000
2026-01-04,500015,47038.43,4.703843,4.70,18.815372
2026-01-04,500016,4143.25,0.414325,0.41,1.657300
2026-01-04,500020,27933.80,3.979610,3.98,15.918440
2026-01-04,500021,56113.10,6.303115,6.30,25.212460
2026-01-04,500022,157071.51,19.364981,19.36,77.459924
2026-01-04,500023,1250.00,0.125000,0.12,0.500000
2026-01-04,500024,58898.49,5.889849,5.89,23.559396
2026-01-04,500025,17791.43,2.534669,2.53,10.138676
2026-01-04,500026,35281.13,3.769765,3.77,15.079060
2026-01-04,500027,4255.20,0.454665,0.45,1.818660
2026-01-04,500028,95062.64,13.543171,13.54,54.172684
2026-01-04,500029,157301.93,19.393389,19.39,77.573556
2026-01-04,500030,32630.94,3.486594,3.49,13.946376
2026-01-04,500031,88672.25,10.932195,10.93,43.728780
2026-01-04,500033,133239.39,16.426774,16.43,65.707096
2026-01-04,500034,233397.39,28.775021,28.78,115.100084
2026-01-04,500036,11785.43,1.323843,1.32,5.295372
2026-01-04,500037,12550.00,1.255000,1.25,5.020000
2026-01-04,500039,58203.25,7.175743,7.18,28.702972
2026-01-04,500041,83619.91,10.309304,10.31,41.237216
2026-01-04,500044,50476.36,5.047636,5.05,20.190544
2026-01-04,500047,67589.33,9.629165,9.63,38.516660
2026-01-04,500048,4190.52,0.447754,0.45,1.791016
2026-01-05,500002,25000.00,2.808219,2.81,14.041095
2026-01-05,500004,152000.00,18.739726,18.74,93.698630
2026-01-05,500006,48000.00,5.128767,5.13,25.643835
2026-01-05,500008,10000.00,1.424658,1.42,7.123290
2026-01-05,500009,83896.90,11.952435,11.95,59.762175
2026-01-05,500011,1050.00,0.105000,0.10,0.525000
2026-01-05,500015,47038.43,4.703843,4.70,23.519215
2026-01-05,500016,4143.25,0.414325,0.41,2.071625
2026-01-05,500020,27933.80,3.979610,3.98,19.898050
2026-01-05,500021,56113.10,6.303115,6.30,31.515575
2026-01-05,500022,157071.51,19.364981,19.36,96.824905
2026-01-05,500023,1250.00,0.125000,0.12,0.625000
2026-01-05,500024,58898.49,5.889849,5.89,29.449245
2026-01-05,500025,17791.43,2.534669,2.53,12.673345
2026-01-05,500026,35281.13,3.769765,3.77,18.848825
2026-01-05,500027,4255.20,0.454665,0.45,2.273325
2026-01-05,500028,95062.64,13.543171,13.54,67.715855
2026-01-05,500029,157301.93,19.393389,19.39,96.966945
2026-01-05,500030,32630.94,3.486594,3.49,17.432970
2026-01-05,500031,88672.25,10.932195,10.93,54.660975
2026-01-05,500033,133239.39,16.426774,16.43,82.133870
2026-01-05,500034,233397.39,28.775021,28.78,143.875105
2026-01-05,500036,11785.43,1.323843,1.32,6.619215
2026-01-05,500037,12550.00,1.255000,1.25,6.275000
2026-01-05,500039,58203.25,7.175743,7.18,35.878715
2026-01-05,500041,83619.91,10.309304,10.31,51.546520
2026-01-05,500044,50476.36,5.047636,5.05,25.238180
2026-01-05,500047,67589.33,9.629165,9.63,48.145825
2026-01-05,500048,4190.52,0.447754,0.45,2.238770
2026-01-06,500002,25000.00,2.808219,2.81,16.849314
2026-01-06,500004,152000.00,18.739726,18.74,112.438356
2026-01-06,500006,48000.00,5.128767,5.13,30.772602
2026-01-06,500008,10000.00,1.424658,1.42,8.547948
2026-01-06,500009,83896.90,11.952435,11.95,71.714610
2026-01-06,500011,1050.00,0.105000,0.10,0.630000
2026-01-06,500015,47038.43,4.703843,4.70,28.223058
2026-01-06,500016,4143.25,0.414325,0.41,2.485950
2026-01-06,500020,27933.80,3.979610,3.98,23.877660
2026-01-06,500021,56113.10,6.303115,6.30,37.818690
2026-01-06,500022,157071.51,19.364981,19.36,116.189886
2026-01-06,500023,1250.00,0.125000,0.12,0.750000
2026-01-06,500024,58898.49,5.889849,5.89,35.339094
2026-01-06,500025,17791.43,2.534669,2.53,15.208014
2026-01-06,500026,35281.13,3.769765,3.77,22.618590
2026-01-06,500027,4255.20,0.454665,0.45,2.727990
2026-01-06,500028,95062.64,13.543171,13.54,81.259026
2026-01-06,500029,157301.93,19.393389,19.39,116.360334
2026-01-06,500030,32630.94,3.486594,3.49,20.919564
2026-01-06,500031,88672.25,10.932195,10.93,65.593170
2026-01-06,500033,133239.39,16.426774,16.43,98.560644
2026-01-06,500034,233397.39,28.775021,28.78,172.650126
2026-01-06,500036,11785.43,1.323843,1.32,7.943058
2026-01-06,500037,12550.00,1.255000,1.25,7.530000
2026-01-06,500039,58203.25,7.175743,7.18,43.054458
2026-01-06,500041,83619.91,10.309304,10.31,61.855824
2026-01-06,500044,50476.36,5.047636,5.05,30.285816
2026-01-06,500047,67589.33,9.629165,9.63,57.774990
2026-01-06,500048,4190.52,0.447754,0.45,2.686524
2026-01-07,500002,25000.00,2.808219,2.81,19.657533
2026-01-07,500004,152000.00,18.739726,18.74,131.178082
2026-01-07,500006,48000.00,5.128767,5.13,35.901369
2026-01-07,500008,10000.00,1.424658,1.42,9.972606
2026-01-07,500009,83896.90,11.952435,11.95,83.667045
2026-01-07,500011,1050.00,0.105000,0.10,0.735000
2026-01-07,500015,47038.43,4.703843,4.70,32.926901
2026-01-07,500016,4143.25,0.414325,0.41,2.900275
2026-01-07,500020,27933.80,3.979610,3.98,27.857270
2026-01-07,500021,56113.10,6.303115,6.30,44.121805
2026-01-07,500022,157071.51,19.364981,19.36,135.554867
2026-01-07,500023,1250.00,0.125000,0.12,0.875000
2026-01-07,500024,58898.49,5.889849,5.89,41.228943
2026-01-07,500025,17791.43,2.534669,2.53,17.742683
2026-01-07,500026,35281.13,3.769765,3.77,26.388355
2026-01-07,500027,4255.20,0.454665,0.45,3.182655
2026-01-07,500028,95062.64,13.543171,13.54,94.802197
2026-01-07,500029,157301.93,19.393389,19.39,135.753723
2026-01-07,500030,32630.94,3.486594,3.49,24.406158
2026-01-07,500031,88672.25,10.932195,10.93,76.525365
2026-01-07,500033,133239.39,16.426774,16.43,114.987418
2026-01-07,500034,233397.39,28.775021,28.78,201.425147
2026-01-07,500036,11785.43,1.323843,1.32,9.266901
2026-01-07,500037,12550.00,1.255000,1.25,8.785000
2026-01-07,500039,58203.25,7.175743,7.18,50.230201
2026-01-07,500041,83619.91,10.309304,10.31,72.165128
2026-01-07,500044,50476.36,5.047636,5.05,35.333452
2026-01-07,500047,67589.33,9.629165,9.63,67.404155
2026-01-07,500048,4190.52,0.447754,0.45,3.134278
2026-01-08,500002,25000.00,2.808219,2.81,22.465752
2026-01-08,500004,152000.00,18.739726,18.74,149.917808
2026-01-08,500006,48000.00,5.128767,5.13,41.030136
2026-01-08,500008,10000.00,1.424658,1.42,11.397264
2026-01-08,500009,83896.90,11.952435,11.95,95.619480
2026-01-08,500011,1050.00,0.105000,0.10,0.840000
2026-01-08,500015,47038.43,4.703843,4.70,37.630744
2026-01-08,500016,4143.25,0.414325,0.41,3.314600
2026-01-08,500020,27933.80,3.979610,3.98,31.836880
2026-01-08,500021,56113.10,6.303115,6.30,50.424920
2026-01-08,500022,157071.51,19.364981,19.36,154.919848
2026-01-08,500023,1250.00,0.125000,0.12,1.000000
2026-01-08,500024,58898.49,5.889849,5.89,47.118792
2026-01-08,500025,17791.43,2.534669,2.53,20.277352
2026-01-08,500026,35281.13,3.769765,3.77,30.158120
2026-01-08,500027,4255.20,0.454665,0.45,3.637320
2026-01-08,500028,95062.64,13.543171,13.54,108.345368
2026-01-08,500029,157301.93,19.393389,19.39,155.147112
2026-01-08,500030,32630.94,3.486594,3.49,27.892752
2026-01-08,500031,88672.25,10.932195,10.93,87.457560
2026-01-08,500033,133239.39,16.426774,16.43,131.414192
2026-01-08,500034,233397.39,28.775021,28.78,230.200168
2026-01-08,500036,11785.43,1.323843,1.32,10.590744
2026-01-08,500037,12550.00,1.255000,1.25,10.040000
2026-01-08,500039,58203.25,7.175743,7.18,57.405944
2026-01-08,500041,83619.91,10.309304,10.31,82.474432
2026-01-08,500044,50476.36,5.047636,5.05,40.381088
2026-01-08,500047,67589.33,9.629165,9.63,77.033320
2026-01-08,500048,4190.52,0.447754,0.45,3.582032
2026-01-09,500002,25000.00,2.808219,2.81,25.273971
2026-01-09,500004,152000.00,18.739726,18.74,168.657534
2026-01-09,500006,48000.00,5.128767,5.13,46.158903
2026-01-09,500008,10000.00,1.424658,1.42,12.821922
2026-01-09,500009,83896.90,11.952435,11.95,107.571915
2026-01-09,500011,1050.00,0.105000,0.10,0.945000
2026-01-09,500015,47038.43,4.703843,4.70,42.334587
2026-01-09,500016,4143.25,0.414325,0.41,3.728925
2026-01-09,500020,27933.80,3.979610,3.98,35.816490
2026-01-09,500021,56113.10,6.303115,6.30,56.728035
2026-01-09,500022,157071.51,19.364981,19.36,174.284829
2026-01-09,500023,1250.00,0.125000,0.12,1.125000
2026-01-09,500024,58898.49,5.889849,5.89,53.008641
2026-01-09,500025,17791.43,2.534669,2.53,22.812021
2026-01-09,500026,35281.13,3.769765,3.77,33.927885
2026-01-09,500027,4255.20,0.454665,0.45,4.091985
2026-01-09,500028,95062.64,13.543171,13.54,121.888539
2026-01-09,500029,157301.93,19.393389,19.39,174.540501
2026-01-09,500030,32630.94,3.486594,3.49,31.379346
2026-01-09,500031,88672.25,10.932195,10.93,98.389755
2026-01-09,500033,133239.39,16.426774,16.43,147.840966
2026-01-09,500034,233397.39,28.775021,28.78,258.975189
2026-01-09,500036,11785.43,1.323843,1.32,11.914587
2026-01-09,500037,12550.00,1.255000,1.25,11.295000
2026-01-09,500039,58203.25,7.175743,7.18,64.581687
2026-01-09,500041,83619.91,10.309304,10.31,92.783736
2026-01-09,500044,50476.36,5.047636,5.05,45.428724
2026-01-09,500047,67589.33,9.629165,9.63,86.662485
2026-01-09,500048,4190.52,0.447754,0.45,4.029786
2026-01-10,500002,25000.00,2.808219,2.81,28.082190
2026-01-10,500004,152000.00,18.739726,18.74,187.397260
2026-01-10,500006,48000.00,5.128767,5.13,51.287670
2026-01-10,500008,10000.00,1.424658,1.42,14.246580
2026-01-10,500009,83896.90,11.952435,11.95,119.524350
2026-01-10,500011,1050.00,0.105000,0.10,1.050000
2026-01-10,500015,47038.43,4.703843,4.70,47.038430
2026-01-10,500016,4143.25,0.414325,0.41,4.143250
2026-01-10,500020,27933.80,3.979610,3.98,39.796100
2026-01-10,500021,56113.10,6.303115,6.30,63.031150
2026-01-10,500022,157071.51,19.364981,19.36,193.649810
2026-01-10,500023,1250.00,0.125000,0.12,1.250000
2026-01-10,500024,58898.49,5.889849,5.89,58.898490
2026-01-10,500025,17791.43,2.534669,2.53,25.346690
2026-01-10,500026,35281.13,3.769765,3.77,37.697650
2026-01-10,500027,4255.20,0.454665,0.45,4.546650
2026-01-10,500028,95062.64,13.543171,13.54,135.431710
2026-01-10,500029,157301.93,19.393389,19.39,193.933890
2026-01-10,500030,32630.94,3.486594,3.49,34.865940
2026-01-10,500031,88672.25,10.932195,10.93,109.321950
2026-01-10,500033,133239.39,16.426774,16.43,164.267740
2026-01-10,500034,233397.39,28.775021,28.78,287.750210
2026-01-10,500036,11785.43,1.323843,1.32,13.238430
2026-01-10,500037,12550.00,1.255000,1.25,12.550000
2026-01-10,500039,58203.25,7.175743,7.18,71.757430
2026-01-10,500041,83619.91,10.309304,10.31,103.093040
2026-01-10,500044,50476.36,5.047636,5.05,50.476360
2026-01-10,500047,67589.33,9.629165,9.63,96.291650
2026-01-10,500048,4190.52,0.447754,0.45,4.477540
2026-01-11,500002,25000.00,2.808219,2.81,30.890409
2026-01-11,500004,152000.00,18.739726,18.74,206.136986
2026-01-11,500006,48000.00,5.128767,5.13,56.416437
2026-01-11,500008,10000.00,1.424658,1.42,15.671238
2026-01-11,500009,83896.90,11.952435,11.95,131.476785
2026-01-11,500011,1050.00,0.105000,0.10,1.155000
2026-01-11,500015,47038.43,4.703843,4.70,51.742273
2026-01-11,500016,4143.25,0.414325,0.41,4.557575
2026-01-11,500020,27933.80,3.979610,3.98,43.775710
2026-01-11,500021,56113.10,6.303115,6.30,69.334265
2026-01-11,500022,157071.51,19.364981,19.36,213.014791
2026-01-11,500023,1250.00,0.125000,0.12,1.375000
2026-01-11,500024,58898.49,5.889849,5.89,64.788339
2026-01-11,500025,17791.43,2.534669,2.53,27.881359
2026-01-11,500026,35281.13,3.769765,3.77,41.467415
2026-01-11,500027,4255.20,0.454665,0.45,5.001315
2026-01-11,500028,95062.64,13.543171,13.54,148.974881
2026-01-11,500029,157301.93,19.393389,19.39,213.327279
2026-01-11,500030,32630.94,3.486594,3.49,38.352534
2026-01-11,500031,88672.25,10.932195,10.93,120.254145
2026-01-11,500033,133239.39,16.426774,16.43,180.694514
2026-01-11,500034,233397.39,28.775021,28.78,316.525231
2026-01-11,500036,11785.43,1.323843,1.32,14.562273
2026-01-11,500037,12550.00,1.255000,1.25,13.805000
2026-01-11,500039,58203.25,7.175743,7.18,78.933173
2026-01-11,500041,83619.91,10.309304,10.31,113.402344
2026-01-11,500044,50476.36,5.047636,5.05,55.523996
2026-01-11,500047,67589.33,9.629165,9.63,105.920815
2026-01-11,500048,4190.52,0.447754,0.45,4.925294
2026-01-12,500002,25000.00,2.808219,2.81,33.698628
2026-01-12,500004,152000.00,18.739726,18.74,224.876712
2026-01-12,500006,48000.00,5.128767,5.13,61.545204
2026-01-12,500008,10000.00,1.424658,1.42,17.095896
2026-01-12,500009,83896.90,11.952435,11.95,143.429220
2026-01-12,500011,1050.00,0.105000,0.10,1.260000
2026-01-12,500015,47038.43,4.703843,4.70,56.446116
2026-01-12,500016,4143.25,0.414325,0.41,4.971900
2026-01-12,500020,27933.80,3.979610,3.98,47.755320
2026-01-12,500021,56113.10,6.303115,6.30,75.637380
2026-01-12,500022,157071.51,19.364981,19.36,232.379772
2026-01-12,500023,1250.00,0.125000,0.12,1.500000
2026-01-12,500024,58898.49,5.889849,5.89,70.678188
2026-01-12,500025,17791.43,2.534669,2.53,30.416028
2026-01-12,500026,35281.13,3.769765,3.77,45.237180
2026-01-12,500027,4255.20,0.454665,0.45,5.455980
2026-01-12,500028,95062.64,13.543171,13.54,162.518052
2026-01-12,500029,157301.93,19.393389,19.39,232.720668
2026-01-12,500030,32630.94,3.486594,3.49,41.839128
2026-01-12,500031,88672.25,10.932195,10.93,131.186340
2026-01-12,500033,133239.39,16.426774,16.43,197.121288
2026-01-12,500034,233397.39,28.775021,28.78,345.300252
2026-01-12,500036,11785.43,1.323843,1.32,15.886116
2026-01-12,500037,12550.00,1.255000,1.25,15.060000
2026-01-12,500039,58203.25,7.175743,7.18,86.108916
2026-01-12,500041,83619.91,10.309304,10.31,123.711648
2026-01-12,500044,50476.36,5.047636,5.05,60.571632
2026-01-12,500047,67589.33,9.629165,9.63,115.549980
2026-01-12,500048,4190.52,0.447754,0.45,5.373048
2026-01-13,500002,25000.00,2.808219,2.81,36.506847
2026-01-13,500004,152000.00,18.739726,18.74,243.616438
2026-01-13,500006,48000.00,5.128767,5.13,66.673971
2026-01-13,500008,10000.00,1.424658,1.42,18.520554
2026-01-13,500009,83896.90,11.952435,11.95,155.381655
2026-01-13,500011,1050.00,0.105000,0.10,1.365000
2026-01-13,500015,47038.43,4.703843,4.70,61.149959
2026-01-13,500016,4143.25,0.414325,0.41,5.386225
2026-01-13,500020,27933.80,3.979610,3.98,51.734930
2026-01-13,500021,56113.10,6.303115,6.30,81.940495
2026-01-13,500022,157071.51,19.364981,19.36,251.744753
2026-01-13,500023,1250.00,0.125000,0.12,1.625000
2026-01-13,500024,58898.49,5.889849,5.89,76.568037
2026-01-13,500025,17791.43,2.534669,2.53,32.950697
2026-01-13,500026,35281.13,3.769765,3.77,49.006945
2026-01-13,500027,4255.20,0.454665,0.45,5.910645
2026-01-13,500028,95062.64,13.543171,13.54,176.061223
2026-01-13,500029,157301.93,19.393389,19.39,252.114057
2026-01-13,500030,32630.94,3.486594,3.49,45.325722
2026-01-13,500031,88672.25,10.932195,10.93,142.118535
2026-01-13,500033,133239.39,16.426774,16.43,213.548062
2026-01-13,500034,233397.39,28.775021,28.78,374.075273
2026-01-13,500036,11785.43,1.323843,1.32,17.209959
2026-01-13,500037,12550.00,1.255000,1.25,16.315000
2026-01-13,500039,58203.25,7.175743,7.18,93.284659
2026-01-13,500041,83619.91,10.309304,10.31,134.020952
2026-01-13,500044,50476.36,5.047636,5.05,65.619268
2026-01-13,500047,67589.33,9.629165,9.63,125.179145
2026-01-13,500048,4190.52,0.447754,0.45,5.820802
2026-01-14,500002,25000.00,2.808219,2.81,39.315066
2026-01-14,500004,152000.00,18.739726,18.74,262.356164
2026-01-14,500006,48000.00,5.128767,5.13,71.802738
2026-01-14,500008,10000.00,1.424658,1.42,19.945212
2026-01-14,500009,83896.90,11.952435,11.95,167.334090
2026-01-14,500011,1050.00,0.105000,0.10,1.470000
2026-01-14,500015,47038.43,4.703843,4.70,65.853802
2026-01-14,500016,4143.25,0.414325,0.41,5.800550
2026-01-14,500020,27933.80,3.979610,3.98,55.714540
2026-01-14,500021,56113.10,6.303115,6.30,88.243610
2026-01-14,500022,157071.51,19.364981,19.36,271.109734
2026-01-14,500023,1250.00,0.125000,0.12,1.750000
2026-01-14,500024,58898.49,5.889849,5.89,82.457886
2026-01-14,500025,17791.43,2.534669,2.53,35.485366
2026-01-14,500026,35281.13,3.769765,3.77,52.776710
2026-01-14,500027,4255.20,0.454665,0.45,6.365310
2026-01-14,500028,95062.64,13.543171,13.54,189.604394
2026-01-14,500029,157301.93,19.393389,19.39,271.507446
2026-01-14,500030,32630.94,3.486594,3.49,48.812316
2026-01-14,500031,88672.25,10.932195,10.93,153.050730
2026-01-14,500033,133239.39,16.426774,16.43,229.974836
2026-01-14,500034,233397.39,28.775021,28.78,402.850294
2026-01-14,500036,11785.43,1.323843,1.32,18.533802
2026-01-14,500037,12550.00,1.255000,1.25,17.570000
2026-01-14,500039,58203.25,7.175743,7.18,100.460402
2026-01-14,500041,83619.91,10.309304,10.31,144.330256
2026-01-14,500044,50476.36,5.047636,5.05,70.666904
2026-01-14,500047,67589.33,9.629165,9.63,134.808310
2026-01-14,500048,4190.52,0.447754,0.45,6.268556
2026-01-15,500002,25000.00,2.808219,2.81,42.123285
2026-01-15,500004,152000.00,18.739726,18.74,281.095890
2026-01-15,500006,48000.00,5.128767,5.13,76.931505
2026-01-15,500008,10000.00,1.424658,1.42,21.369870
2026-01-15,500009,83896.90,11.952435,11.95,179.286525
2026-01-15,500011,1050.00,0.105000,0.10,1.575000
2026-01-15,500015,47038.43,4.703843,4.70,70.557645
2026-01-15,500016,4143.25,0.414325,0.41,6.214875
2026-01-15,500020,27933.80,3.979610,3.98,59.694150
2026-01-15,500021,56113.10,6.303115,6.30,94.546725
2026-01-15,500022,157071.51,19.364981,19.36,290.474715
2026-01-15,500023,1250.00,0.125000,0.12,1.875000
2026-01-15,500024,58898.49,5.889849,5.89,88.347735
2026-01-15,500025,17791.43,2.534669,2.53,38.020035
2026-01-15,500026,35281.13,3.769765,3.77,56.546475
2026-01-15,500027,4255.20,0.454665,0.45,6.819975
2026-01-15,500028,95062.64,13.543171,13.54,203.147565
2026-01-15,500029,157301.93,19.393389,19.39,290.900835
2026-01-15,500030,32630.94,3.486594,3.49,52.298910
2026-01-15,500031,88672.25,10.932195,10.93,163.982925
2026-01-15,500033,133239.39,16.426774,16.43,246.401610
2026-01-15,500034,233397.39,28.775021,28.78,431.625315
2026-01-15,500036,11785.43,1.323843,1.32,19.857645
2026-01-15,500037,12550.00,1.255000,1.25,18.825000
2026-01-15,500039,58203.25,7.175743,7.18,107.636145
2026-01-15,500041,83619.91,10.309304,10.31,154.639560
2026-01-15,500044,50476.36,5.047636,5.05,75.714540
2026-01-15,500047,67589.33,9.629165,9.63,144.437475
2026-01-15,500048,4190.52,0.447754,0.45,6.716310
2026-01-16,500002,25000.00,2.808219,2.81,44.931504
2026-01-16,500004,152000.00,18.739726,18.74,299.835616
2026-01-16,500006,48000.00,5.128767,5.13,82.060272
2026-01-16,500008,10000.00,1.424658,1.42,22.794528
2026-01-16,500009,83896.90,11.952435,11.95,191.238960
2026-01-16,500011,1050.00,0.105000,0.10,1.680000
2026-01-16,500015,47038.43,4.703843,4.70,75.261488
2026-01-16,500016,4143.25,0.414325,0.41,6.629200
2026-01-16,500020,27933.80,3.979610,3.98,63.673760
2026-01-16,500021,56113.10,6.303115,6.30,100.849840
2026-01-16,500022,157071.51,19.364981,19.36,309.839696
2026-01-16,500023,1250.00,0.125000,0.12,2.000000
2026-01-16,500024,58898.49,5.889849,5.89,94.237584
2026-01-16,500025,17791.43,2.534669,2.53,40.554704
2026-01-16,500026,35281.13,3.769765,3.77,60.316240
2026-01-16,500027,4255.20,0.454665,0.45,7.274640
2026-01-16,500028,95062.64,13.543171,13.54,216.690736
2026-01-16,500029,157301.93,19.393389,19.39,310.294224
2026-01-16,500030,32630.94,3.486594,3.49,55.785504
2026-01-16,500031,88672.25,10.932195,10.93,174.915120
2026-01-16,500033,133239.39,16.426774,16.43,262.828384
2026-01-16,500034,233397.39,28.775021,28.78,460.400336
2026-01-16,500036,11785.43,1.323843,1.32,21.181488
2026-01-16,500037,12550.00,1.255000,1.25,20.080000
2026-01-16,500039,58203.25,7.175743,7.18,114.811888
2026-01-16,500041,83619.91,10.309304,10.31,164.948864
2026-01-16,500044,50476.36,5.047636,5.05,80.762176
2026-01-16,500047,67589.33,9.629165,9.63,154.066640
2026-01-16,500048,4190.52,0.447754,0.45,7.164064
2026-01-17,500002,25000.00,2.808219,2.81,47.739723
2026-01-17,500004,152000.00,18.739726,18.74,318.575342
2026-01-17,500006,48000.00,5.128767,5.13,87.189039
2026-01-17,500008,10000.00,1.424658,1.42,24.219186
2026-01-17,500009,83896.90,11.952435,11.95,203.191395
2026-01-17,500011,1050.00,0.105000,0.10,1.785000
2026-01-17,500015,47038.43,4.703843,4.70,79.965331
2026-01-17,500016,4143.25,0.414325,0.41,7.043525
2026-01-17,500020,27933.80,3.979610,3.98,67.653370
2026-01-17,500021,56113.10,6.303115,6.30,107.152955
2026-01-17,500022,157071.51,19.364981,19.36,329.204677
2026-01-17,500023,1250.00,0.125000,0.12,2.125000
2026-01-17,500024,58898.49,5.889849,5.89,100.127433
2026-01-17,500025,17791.43,2.534669,2.53,43.089373
2026-01-17,500026,35281.13,3.769765,3.77,64.086005
2026-01-17,500027,4255.20,0.454665,0.45,7.729305
2026-01-17,500028,95062.64,13.543171,13.54,230.233907
2026-01-17,500029,157301.93,19.393389,19.39,329.687613
2026-01-17,500030,32630.94,3.486594,3.49,59.272098
2026-01-17,500031,88672.25,10.932195,10.93,185.847315
2026-01-17,500033,133239.39,16.426774,16.43,279.255158
2026-01-17,500034,233397.39,28.775021,28.78,489.175357
2026-01-17,500036,11785.43,1.323843,1.32,22.505331
2026-01-17,500037,12550.00,1.255000,1.25,21.335000
2026-01-17,500039,58203.25,7.175743,7.18,121.987631
2026-01-17,500041,83619.91,10.309304,10.31,175.258168
2026-01-17,500044,50476.36,5.047636,5.05,85.809812
2026-01-17,500047,67589.33,9.629165,9.63,163.695805
2026-01-17,500048,4190.52,0.447754,0.45,7.611818
2026-01-18,500002,25000.00,2.808219,2.81,50.547942
2026-01-18,500004,152000.00,18.739726,18.74,337.315068
2026-01-18,500006,48000.00,5.128767,5.13,92.317806
2026-01-18,500008,10000.00,1.424658,1.42,25.643844
2026-01-18,500009,83896.90,11.952435,11.95,215.143830
2026-01-18,500011,1050.00,0.105000,0.10,1.890000
2026-01-18,500015,47038.43,4.703843,4.70,84.669174
2026-01-18,500016,4143.25,0.414325,0.41,7.457850
2026-01-18,500020,27933.80,3.979610,3.98,71.632980
2026-01-18,500021,56113.10,6.303115,6.30,113.456070
2026-01-18,500022,157071.51,19.364981,19.36,348.569658
2026-01-18,500023,1250.00,0.125000,0.12,2.250000
2026-01-18,500024,58898.49,5.889849,5.89,106.017282
2026-01-18,500025,17791.43,2.534669,2.53,45.624042
2026-01-18,500026,35281.13,3.769765,3.77,67.855770
2026-01-18,500027,4255.20,0.454665,0.45,8.183970
2026-01-18,500028,95062.64,13.543171,13.54,243.777078
2026-01-18,500029,157301.93,19.393389,19.39,349.081002
2026-01-18,500030,32630.94,3.486594,3.49,62.758692
2026-01-18,500031,88672.25,10.932195,10.93,196.779510
2026-01-18,500033,133239.39,16.426774,16.43,295.681932
2026-01-18,500034,233397.39,28.775021,28.78,517.950378
2026-01-18,500036,11785.43,1.323843,1.32,23.829174
2026-01-18,500037,12550.00,1.255000,1.25,22.590000
2026-01-18,500039,58203.25,7.175743,7.18,129.163374
2026-01-18,500041,83619.91,10.309304,10.31,185.567472
2026-01-18,500044,50476.36,5.047636,5.05,90.857448
2026-01-18,500047,67589.33,9.629165,9.63,173.324970
2026-01-18,500048,4190.52,0.447754,0.45,8.059572
2026-01-19,500002,25000.00,2.808219,2.81,53.356161
2026-01-19,500004,152000.00,18.739726,18.74,356.054794
2026-01-19,500006,48000.00,5.128767,5.13,97.446573
2026-01-19,500008,10000.00,1.424658,1.42,27.068502
2026-01-19,500009,83896.90,11.952435,11.95,227.096265
2026-01-19,500011,1050.00,0.105000,0.10,1.995000
2026-01-19,500015,47038.43,4.703843,4.70,89.373017
2026-01-19,500016,4143.25,0.414325,0.41,7.872175
2026-01-19,500020,27933.80,3.979610,3.98,75.612590
2026-01-19,500021,56113.10,6.303115,6.30,119.759185
2026-01-19,500022,157071.51,19.364981,19.36,367.934639
2026-01-19,500023,1250.00,0.125000,0.12,2.375000
2026-01-19,500024,58898.49,5.889849,5.89,111.907131
2026-01-19,500025,17791.43,2.534669,2.53,48.158711
2026-01-19,500026,35281.13,3.769765,3.77,71.625535
2026-01-19,500027,4255.20,0.454665,0.45,8.638635
2026-01-19,500028,95062.64,13.543171,13.54,257.320249
2026-01-19,500029,157301.93,19.393389,19.39,368.474391
2026-01-19,500030,32630.94,3.486594,3.49,66.245286
2026-01-19,500031,88672.25,10.932195,10.93,207.711705
2026-01-19,500033,133239.39,16.426774,16.43,312.108706
2026-01-19,500034,233397.39,28.775021,28.78,546.725399
2026-01-19,500036,11785.43,1.323843,1.32,25.153017
2026-01-19,500037,12550.00,1.255000,1.25,23.845000
2026-01-19,500039,58203.25,7.175743,7.18,136.339117
2026-01-19,500041,83619.91,10.309304,10.31,195.876776
2026-01-19,500044,50476.36,5.047636,5.05,95.905084
2026-01-19,500047,67589.33,9.629165,9.63,182.954135
2026-01-19,500048,4190.52,0.447754,0.45,8.507326
2026-01-20,500002,25000.00,2.808219,2.81,56.164380
2026-01-20,500004,152000.00,18.739726,18.74,374.794520
2026-01-20,500006,48000.00,5.128767,5.13,102.575340
2026-01-20,500008,10000.00,1.424658,1.42,28.493160
2026-01-20,500009,83896.90,11.952435,11.95,239.048700
2026-01-20,500011,1050.00,0.105000,0.10,2.100000
2026-01-20,500015,47038.43,4.703843,4.70,94.076860
2026-01-20,500016,4143.25,0.414325,0.41,8.286500
2026-01-20,500020,27933.80,3.979610,3.98,79.592200
2026-01-20,500021,56113.10,6.303115,6.30,126.062300
2026-01-20,500022,157071.51,19.364981,19.36,387.299620
2026-01-20,500023,1250.00,0.125000,0.12,2.500000
2026-01-20,500024,58898.49,5.889849,5.89,117.796980
2026-01-20,500025,17791.43,2.534669,2.53,50.693380
2026-01-20,500026,35281.13,3.769765,3.77,75.395300
2026-01-20,500027,4255.20,0.454665,0.45,9.093300
2026-01-20,500028,95062.64,13.543171,13.54,270.863420
2026-01-20,500029,157301.93,19.393389,19.39,387.867780
2026-01-20,500030,32630.94,3.486594,3.49,69.731880
2026-01-20,500031,88672.25,10.932195,10.93,218.643900
2026-01-20,500033,133239.39,16.426774,16.43,328.535480
2026-01-20,500034,233397.39,28.775021,28.78,575.500420
2026-01-20,500036,11785.43,1.323843,1.32,26.476860
2026-01-20,500037,12550.00,1.255000,1.25,25.100000
2026-01-20,500039,58203.25,7.175743,7.18,143.514860
2026-01-20,500041,83619.91,10.309304,10.31,206.186080
2026-01-20,500044,50476.36,5.047636,5.05,100.952720
2026-01-20,500047,67589.33,9.629165,9.63,192.583300
2026-01-20,500048,4190.52,0.447754,0.45,8.955080
2026-01-21,500002,25000.00,2.808219,2.81,58.972599
2026-01-21,500004,152000.00,18.739726,18.74,393.534246
2026-01-21,500006,48000.00,5.128767,5.13,107.704107
2026-01-21,500008,10000.00,1.424658,1.42,29.917818
2026-01-21,500009,83896.90,11.952435,11.95,251.001135
2026-01-21,500011,1050.00,0.105000,0.10,2.205000
2026-01-21,500015,47038.43,4.703843,4.70,98.780703
2026-01-21,500016,4143.25,0.414325,0.41,8.700825
2026-01-21,500020,27933.80,3.979610,3.98,83.571810
2026-01-21,500021,56113.10,6.303115,6.30,132.365415
2026-01-21,500022,157071.51,19.364981,19.36,406.664601
2026-01-21,500023,1250.00,0.125000,0.12,2.625000
2026-01-21,500024,58898.49,5.889849,5.89,123.686829
2026-01-21,500025,17791.43,2.534669,2.53,53.228049
2026-01-21,500026,35281.13,3.769765,3.77,79.165065
2026-01-21,500027,4255.20,0.454665,0.45,9.547965
2026-01-21,500028,95062.64,13.543171,13.54,284.406591
2026-01-21,500029,157301.93,19.393389,19.39,407.261169
2026-01-21,500030,32630.94,3.486594,3.49,73.218474
2026-01-21,500031,88672.25,10.932195,10.93,229.576095
2026-01-21,500033,133239.39,16.426774,16.43,344.962254
2026-01-21,500034,233397.39,28.775021,28.78,604.275441
2026-01-21,500036,11785.43,1.323843,1.32,27.800703
2026-01-21,500037,12550.00,1.255000,1.25,26.355000
2026-01-21,500039,58203.25,7.175743,7.18,150.690603
2026-01-21,500041,83619.91,10.309304,10.31,216.495384
2026-01-21,500044,50476.36,5.047636,5.05,106.000356
2026-01-21,500047,67589.33,9.629165,9.63,202.212465
2026-01-21,500048,4190.52,0.447754,0.45,9.402834
2026-01-22,500002,25000.00,2.808219,2.81,61.780818
2026-01-22,500004,152000.00,18.739726,18.74,412.273972
2026-01-22,500006,48000.00,5.128767,5.13,112.832874
2026-01-22,500008,10000.00,1.424658,1.42,31.342476
2026-01-22,500009,83896.90,11.952435,11.95,262.953570
2026-01-22,500011,1050.00,0.105000,0.10,2.310000
2026-01-22,500015,47038.43,4.703843,4.70,103.484546
2026-01-22,500016,4143.25,0.414325,0.41,9.115150
2026-01-22,500020,27933.80,3.979610,3.98,87.551420
2026-01-22,500021,56113.10,6.303115,6.30,138.668530
2026-01-22,500022,157071.51,19.364981,19.36,426.029582
2026-01-22,500023,1250.00,0.125000,0.12,2.750000
2026-01-22,500024,58898.49,5.889849,5.89,129.576678
2026-01-22,500025,17791.43,2.534669,2.53,55.762718
2026-01-22,500026,35281.13,3.769765,3.77,82.934830
2026-01-22,500027,4255.20,0.454665,0.45,10.002630
2026-01-22,500028,95062.64,13.543171,13.54,297.949762
2026-01-22,500029,157301.93,19.393389,19.39,426.654558
2026-01-22,500030,32630.94,3.486594,3.49,76.705068
2026-01-22,500031,88672.25,10.932195,10.93,240.508290
2026-01-22,500033,133239.39,16.426774,16.43,361.389028
2026-01-22,500034,233397.39,28.775021,28.78,633.050462
2026-01-22,500036,11785.43,1.323843,1.32,29.124546
2026-01-22,500037,12550.00,1.255000,1.25,27.610000
2026-01-22,500039,58203.25,7.175743,7.18,157.866346
2026-01-22,500041,83619.91,10.309304,10.31,226.804688
2026-01-22,500044,50476.36,5.047636,5.05,111.047992
2026-01-22,500047,67589.33,9.629165,9.63,211.841630
2026-01-22,500048,4190.52,0.447754,0.45,9.850588
2026-01-23,500002,25000.00,2.808219,2.81,64.589037
2026-01-23,500004,152000.00,18.739726,18.74,431.013698
2026-01-23,500006,48000.00,5.128767,5.13,117.961641
2026-01-23,500008,10000.00,1.424658,1.42,32.767134
2026-01-23,500009,83896.90,11.952435,11.95,274.906005
2026-01-23,500011,1050.00,0.105000,0.10,2.415000
2026-01-23,500015,47038.43,4.703843,4.70,108.188389
2026-01-23,500016,4143.25,0.414325,0.41,9.529475
2026-01-23,500020,27933.80,3.979610,3.98,91.531030
2026-01-23,500021,56113.10,6.303115,6.30,144.971645
2026-01-23,500022,157071.51,19.364981,19.36,445.394563
2026-01-23,500023,1250.00,0.125000,0.12,2.875000
2026-01-23,500024,58898.49,5.889849,5.89,135.466527
2026-01-23,500025,17791.43,2.534669,2.53,58.297387
2026-01-23,500026,35281.13,3.769765,3.77,86.704595
2026-01-23,500027,4255.20,0.454665,0.45,10.457295
2026-01-23,500028,95062.64,13.543171,13.54,311.492933
2026-01-23,500029,157301.93,19.393389,19.39,446.047947
2026-01-23,500030,32630.94,3.486594,3.49,80.191662
2026-01-23,500031,88672.25,10.932195,10.93,251.440485
2026-01-23,500033,133239.39,16.426774,16.43,377.815802
2026-01-23,500034,233397.39,28.775021,28.78,661.825483
2026-01-23,500036,11785.43,1.323843,1.32,30.448389
2026-01-23,500037,12550.00,1.255000,1.25,28.865000
2026-01-23,500039,58203.25,7.175743,7.18,165.042089
2026-01-23,500041,83619.91,10.309304,10.31,237.113992
2026-01-23,500044,50476.36,5.047636,5.05,116.095628
2026-01-23,500047,67589.33,9.629165,9.63,221.470795
2026-01-23,500048,4190.52,0.447754,0.45,10.298342
2026-01-24,500002,25000.00,2.808219,2.81,67.397256
2026-01-24,500004,152000.00,18.739726,18.74,449.753424
2026-01-24,500006,48000.00,5.128767,5.13,123.090408
2026-01-24,500008,10000.00,1.424658,1.42,34.191792
2026-01-24,500009,83896.90,11.952435,11.95,286.858440
2026-01-24,500011,1050.00,0.105000,0.10,2.520000
2026-01-24,500015,47038.43,4.703843,4.70,112.892232
2026-01-24,500016,4143.25,0.414325,0.41,9.943800
2026-01-24,500020,27933.80,3.979610,3.98,95.510640
2026-01-24,500021,56113.10,6.303115,6.30,151.274760
2026-01-24,500022,157071.51,19.364981,19.36,464.759544
2026-01-24,500023,1250.00,0.125000,0.12,3.000000
2026-01-24,500024,58898.49,5.889849,5.89,141.356376
2026-01-24,500025,17791.43,2.534669,2.53,60.832056
2026-01-24,500026,35281.13,3.769765,3.77,90.474360
2026-01-24,500027,4255.20,0.454665,0.45,10.911960
2026-01-24,500028,95062.64,13.543171,13.54,325.036104
2026-01-24,500029,157301.93,19.393389,19.39,465.441336
2026-01-24,500030,32630.94,3.486594,3.49,83.678256
2026-01-24,500031,88672.25,10.932195,10.93,262.372680
2026-01-24,500033,133239.39,16.426774,16.43,394.242576
2026-01-24,500034,233397.39,28.775021,28.78,690.600504
2026-01-24,500036,11785.43,1.323843,1.32,31.772232
2026-01-24,500037,12550.00,1.255000,1.25,30.120000
2026-01-24,500039,58203.25,7.175743,7.18,172.217832
2026-01-24,500041,83619.91,10.309304,10.31,247.423296
2026-01-24,500044,50476.36,5.047636,5.05,121.143264
2026-01-24,500047,67589.33,9.629165,9.63,231.099960
2026-01-24,500048,4190.52,0.447754,0.45,10.746096
2026-01-25,500002,25000.00,2.808219,2.81,70.205475
2026-01-25,500004,152000.00,18.739726,18.74,468.493150
2026-01-25,500006,48000.00,5.128767,5.13,128.219175
2026-01-25,500008,10000.00,1.424658,1.42,35.616450
2026-01-25,500009,83896.90,11.952435,11.95,298.810875
2026-01-25,500011,1050.00,0.105000,0.10,2.625000
2026-01-25,500015,47038.43,4.703843,4.70,117.596075
2026-01-25,500016,4143.25,0.414325,0.41,10.358125
2026-01-25,500020,27933.80,3.979610,3.98,99.490250
2026-01-25,500021,56113.10,6.303115,6.30,157.577875
2026-01-25,500022,157071.51,19.364981,19.36,484.124525
2026-01-25,500023,1250.00,0.125000,0.12,3.125000
2026-01-25,500024,58898.49,5.889849,5.89,147.246225
2026-01-25,500025,17791.43,2.534669,2.53,63.366725
2026-01-25,500026,35281.13,3.769765,3.77,94.244125
2026-01-25,500027,4255.20,0.454665,0.45,11.366625
2026-01-25,500028,95062.64,13.543171,13.54,338.579275
2026-01-25,500029,157301.93,19.393389,19.39,484.834725
2026-01-25,500030,32630.94,3.486594,3.49,87.164850
2026-01-25,500031,88672.25,10.932195,10.93,273.304875
2026-01-25,500033,133239.39,16.426774,16.43,410.669350
2026-01-25,500034,233397.39,28.775021,28.78,719.375525
2026-01-25,500036,11785.43,1.323843,1.32,33.096075
2026-01-25,500037,12550.00,1.255000,1.25,31.375000
2026-01-25,500039,58203.25,7.175743,7.18,179.393575
2026-01-25,500041,83619.91,10.309304,10.31,257.732600
2026-01-25,500044,50476.36,5.047636,5.05,126.190900
2026-01-25,500047,67589.33,9.629165,9.63,240.729125
2026-01-25,500048,4190.52,0.447754,0.45,11.193850
2026-01-26,500002,25000.00,2.808219,2.81,73.013694
2026-01-26,500004,152000.00,18.739726,18.74,487.232876
2026-01-26,500006,48000.00,5.128767,5.13,133.347942
2026-01-26,500008,10000.00,1.424658,1.42,37.041108
2026-01-26,500009,83896.90,11.952435,11.95,310.763310
2026-01-26,500011,1050.00,0.105000,0.10,2.730000
2026-01-26,500015,47038.43,4.703843,4.70,122.299918
2026-01-26,500016,4143.25,0.414325,0.41,10.772450
2026-01-26,500020,27933.80,3.979610,3.98,103.469860
2026-01-26,500021,56113.10,6.303115,6.30,163.880990
2026-01-26,500022,157071.51,19.364981,19.36,503.489506
2026-01-26,500023,1250.00,0.125000,0.12,3.250000
2026-01-26,500024,58898.49,5.889849,5.89,153.136074
2026-01-26,500025,17791.43,2.534669,2.53,65.901394
2026-01-26,500026,35281.13,3.769765,3.77,98.013890
2026-01-26,500027,4255.20,0.454665,0.45,11.821290
2026-01-26,500028,95062.64,13.543171,13.54,352.122446
2026-01-26,500029,157301.93,19.393389,19.39,504.228114
2026-01-26,500030,32630.94,3.486594,3.49,90.651444
2026-01-26,500031,88672.25,10.932195,10.93,284.237070
2026-01-26,500033,133239.39,16.426774,16.43,427.096124
2026-01-26,500034,233397.39,28.775021,28.78,748.150546
2026-01-26,500036,11785.43,1.323843,1.32,34.419918
2026-01-26,500037,12550.00,1.255000,1.25,32.630000
2026-01-26,500039,58203.25,7.175743,7.18,186.569318
2026-01-26,500041,83619.91,10.309304,10.31,268.041904
2026-01-26,500044,50476.36,5.047636,5.05,131.238536
2026-01-26,500047,67589.33,9.629165,9.63,250.358290
2026-01-26,500048,4190.52,0.447754,0.45,11.641604
2026-01-27,500002,25000.00,2.808219,2.81,75.821913
2026-01-27,500004,152000.00,18.739726,18.74,505.972602
2026-01-27,500006,48000.00,5.128767,5.13,138.476709
2026-01-27,500008,10000.00,1.424658,1.42,38.465766
2026-01-27,500009,83896.90,11.952435,11.95,322.715745
2026-01-27,500011,1050.00,0.105000,0.10,2.835000
2026-01-27,500015,47038.43,4.703843,4.70,127.003761
2026-01-27,500016,4143.25,0.414325,0.41,11.186775
2026-01-27,500020,27933.80,3.979610,3.98,107.449470
2026-01-27,500021,56113.10,6.303115,6.30,170.184105
2026-01-27,500022,157071.51,19.364981,19.36,522.854487
2026-01-27,500023,1250.00,0.125000,0.12,3.375000
2026-01-27,500024,58898.49,5.889849,5.89,159.025923
2026-01-27,500025,17791.43,2.534669,2.53,68.436063
2026-01-27,500026,35281.13,3.769765,3.77,101.783655
2026-01-27,500027,4255.20,0.454665,0.45,12.275955
2026-01-27,500028,95062.64,13.543171,13.54,365.665617
2026-01-27,500029,157301.93,19.393389,19.39,523.621503
2026-01-27,500030,32630.94,3.486594,3.49,94.138038
2026-01-27,500031,88672.25,10.932195,10.93,295.169265
2026-01-27,500033,133239.39,16.426774,16.43,443.522898
2026-01-27,500034,233397.39,28.775021,28.78,776.925567
2026-01-27,500036,11785.43,1.323843,1.32,35.743761
2026-01-27,500037,12550.00,1.255000,1.25,33.885000
2026-01-27,500039,58203.25,7.175743,7.18,193.745061
2026-01-27,500041,83619.91,10.309304,10.31,278.351208
2026-01-27,500044,50476.36,5.047636,5.05,136.286172
2026-01-27,500047,67589.33,9.629165,9.63,259.987455
2026-01-27,500048,4190.52,0.447754,0.45,12.089358
2026-01-28,500002,25000.00,2.808219,2.81,78.630132
2026-01-28,500004,152000.00,18.739726,18.74,524.712328
2026-01-28,500006,48000.00,5.128767,5.13,143.605476
2026-01-28,500008,10000.00,1.424658,1.42,39.890424
2026-01-28,500009,83896.90,11.952435,11.95,334.668180
2026-01-28,500011,1050.00,0.105000,0.10,2.940000
2026-01-28,500015,47038.43,4.703843,4.70,131.707604
2026-01-28,500016,4143.25,0.414325,0.41,11.601100
2026-01-28,500020,27933.80,3.979610,3.98,111.429080
2026-01-28,500021,56113.10,6.303115,6.30,176.487220
2026-01-28,500022,157071.51,19.364981,19.36,542.219468
2026-01-28,500023,1250.00,0.125000,0.12,3.500000
2026-01-28,500024,58898.49,5.889849,5.89,164.915772
2026-01-28,500025,17791.43,2.534669,2.53,70.970732
2026-01-28,500026,35281.13,3.769765,3.77,105.553420
2026-01-28,500027,4255.20,0.454665,0.45,12.730620
2026-01-28,500028,95062.64,13.543171,13.54,379.208788
2026-01-28,500029,157301.93,19.393389,19.39,543.014892
2026-01-28,500030,32630.94,3.486594,3.49,97.624632
2026-01-28,500031,88672.25,10.932195,10.93,306.101460
2026-01-28,500033,133239.39,16.426774,16.43,459.949672
2026-01-28,500034,233397.39,28.775021,28.78,805.700588
2026-01-28,500036,11785.43,1.323843,1.32,37.067604
2026-01-28,500037,12550.00,1.255000,1.25,35.140000
2026-01-28,500039,58203.25,7.175743,7.18,200.920804
2026-01-28,500041,83619.91,10.309304,10.31,288.660512
2026-01-28,500044,50476.36,5.047636,5.05,141.333808
2026-01-28,500047,67589.33,9.629165,9.63,269.616620
2026-01-28,500048,4190.52,0.447754,0.45,12.537112
2026-01-29,500002,25000.00,2.808219,2.81,81.438351
2026-01-29,500004,152000.00,18.739726,18.74,543.452054
2026-01-29,500006,48000.00,5.128767,5.13,148.734243
2026-01-29,500008,10000.00,1.424658,1.42,41.315082
2026-01-29,500009,83896.90,11.952435,11.95,346.620615
2026-01-29,500011,1050.00,0.105000,0.10,3.045000
2026-01-29,500015,47038.43,4.703843,4.70,136.411447
2026-01-29,500016,4143.25,0.414325,0.41,12.015425
2026-01-29,500020,27933.80,3.979610,3.98,115.408690
2026-01-29,500021,56113.10,6.303115,6.30,182.790335
2026-01-29,500022,157071.51,19.364981,19.36,561.584449
2026-01-29,500023,1250.00,0.125000,0.12,3.625000
2026-01-29,500024,58898.49,5.889849,5.89,170.805621
2026-01-29,500025,17791.43,2.534669,2.53,73.505401
2026-01-29,500026,35281.13,3.769765,3.77,109.323185
2026-01-29,500027,4255.20,0.454665,0.45,13.185285
2026-01-29,500028,95062.64,13.543171,13.54,392.751959
2026-01-29,500029,157301.93,19.393389,19.39,562.408281
2026-01-29,500030,32630.94,3.486594,3.49,101.111226
2026-01-29,500031,88672.25,10.932195,10.93,317.033655
2026-01-29,500033,133239.39,16.426774,16.43,476.376446
2026-01-29,500034,233397.39,28.775021,28.78,834.475609
2026-01-29,500036,11785.43,1.323843,1.32,38.391447
2026-01-29,500037,12550.00,1.255000,1.25,36.395000
2026-01-29,500039,58203.25,7.175743,7.18,208.096547
2026-01-29,500041,83619.91,10.309304,10.31,298.969816
2026-01-29,500044,50476.36,5.047636,5.05,146.381444
2026-01-29,500047,67589.33,9.629165,9.63,279.245785
2026-01-29,500048,4190.52,0.447754,0.45,12.984866
2026-01-30,500002,25000.00,2.808219,2.81,84.246570
2026-01-30,500004,152000.00,18.739726,18.74,562.191780
2026-01-30,500006,48000.00,5.128767,5.13,153.863010
2026-01-30,500008,10000.00,1.424658,1.42,42.739740
2026-01-30,500009,83896.90,11.952435,11.95,358.573050
2026-01-30,500011,1050.00,0.105000,0.10,3.150000
2026-01-30,500015,47038.43,4.703843,4.70,141.115290
2026-01-30,500016,4143.25,0.414325,0.41,12.429750
2026-01-30,500020,27933.80,3.979610,3.98,119.388300
2026-01-30,500021,56113.10,6.303115,6.30,189.093450
2026-01-30,500022,157071.51,19.364981,19.36,580.949430
2026-01-30,500023,1250.00,0.125000,0.12,3.750000
2026-01-30,500024,58898.49,5.889849,5.89,176.695470
2026-01-30,500025,17791.43,2.534669,2.53,76.040070
2026-01-30,500026,35281.13,3.769765,3.77,113.092950
2026-01-30,500027,4255.20,0.454665,0.45,13.639950
2026-01-30,500028,95062.64,13.543171,13.54,406.295130
2026-01-30,500029,157301.93,19.393389,19.39,581.801670
2026-01-30,500030,32630.94,3.486594,3.49,104.597820
2026-01-30,500031,88672.25,10.932195,10.93,327.965850
2026-01-30,500033,133239.39,16.426774,16.43,492.803220
2026-01-30,500034,233397.39,28.775021,28.78,863.250630
2026-01-30,500036,11785.43,1.323843,1.32,39.715290
2026-01-30,500037,12550.00,1.255000,1.25,37.650000
2026-01-30,500039,58203.25,7.175743,7.18,215.272290
2026-01-30,500041,83619.91,10.309304,10.31,309.279120
2026-01-30,500044,50476.36,5.047636,5.05,151.429080
2026-01-30,500047,67589.33,9.629165,9.63,288.874950
2026-01-30,500048,4190.52,0.447754,0.45,13.432620
2026-01-31,500002,25000.00,2.808219,2.81,87.054789
2026-01-31,500004,152000.00,18.739726,18.74,580.931506
2026-01-31,500006,48000.00,5.128767,5.13,158.991777
2026-01-31,500008,10000.00,1.424658,1.42,44.164398
2026-01-31,500009,83896.90,11.952435,11.95,370.525485
2026-01-31,500011,1050.00,0.105000,0.10,3.255000
2026-01-31,500015,47038.43,4.703843,4.70,145.819133
2026-01-31,500016,4143.25,0.414325,0.41,12.844075
2026-01-31,500020,27933.80,3.979610,3.98,123.367910
2026-01-31,500021,56113.10,6.303115,6.30,195.396565
2026-01-31,500022,157071.51,19.364981,19.36,600.314411
2026-01-31,500023,1250.00,0.125000,0.12,3.875000
2026-01-31,500024,58898.49,5.889849,5.89,182.585319
2026-01-31,500025,17791.43,2.534669,2.53,78.574739
2026-01-31,500026,35281.13,3.769765,3.77,116.862715
2026-01-31,500027,4255.20,0.454665,0.45,14.094615
2026-01-31,500028,95062.64,13.543171,13.54,419.838301
2026-01-31,500029,157301.93,19.393389,19.39,601.195059
2026-01-31,500030,32630.94,3.486594,3.49,108.084414
2026-01-31,500031,88672.25,10.932195,10.93,338.898045
2026-01-31,500033,133239.39,16.426774,16.43,509.229994
2026-01-31,500034,233397.39,28.775021,28.78,892.025651
2026-01-31,500036,11785.43,1.323843,1.32,41.039133
2026-01-31,500037,12550.00,1.255000,1.25,38.905000
2026-01-31,500039,58203.25,7.175743,7.18,222.448033
2026-01-31,500041,83619.91,10.309304,10.31,319.588424
2026-01-31,500044,50476.36,5.047636,5.05,156.476716
2026-01-31,500047,67589.33,9.629165,9.63,298.504115
2026-01-31,500048,4190.52,0.447754,0.45,13.880374
2026-02-01,500002,25087.05,2.817997,2.82,2.817997
2026-02-01,500004,152580.93,18.811348,18.81,18.811348
2026-02-01,500006,48158.99,5.145755,5.15,5.145755
2026-02-01,500008,10000.00,1.424658,1.42,45.589056
2026-02-01,500009,83896.90,11.952435,11.95,382.477920
2026-02-01,500011,1053.26,0.105326,0.11,0.105326
2026-02-01,500015,47184.25,4.718425,4.72,4.718425
2026-02-01,500016,4156.09,0.415609,0.42,0.415609
2026-02-01,500020,27933.80,3.979610,3.98,127.347520
2026-02-01,500021,56308.50,6.325064,6.33,6.325064
2026-02-01,500022,157671.82,19.438992,19.44,19.438992
2026-02-01,500023,1253.88,0.125388,0.13,0.125388
2026-02-01,500024,59081.08,5.908108,5.91,5.908108
2026-02-01,500025,17791.43,2.534669,2.53,81.109408
2026-02-01,500026,35397.99,3.782251,3.78,3.782251
2026-02-01,500027,4269.29,0.456171,0.46,0.456171
2026-02-01,500028,95062.64,13.543171,13.54,433.381472
2026-02-01,500029,157903.13,19.467509,19.47,19.467509
2026-02-01,500030,32739.02,3.498142,3.50,3.498142
2026-02-01,500031,89011.15,10.973977,10.97,10.973977
2026-02-01,500033,133748.62,16.489556,16.49,16.489556
2026-02-01,500034,234289.42,28.884997,28.88,28.884997
2026-02-01,500036,11826.47,1.328453,1.33,1.328453
2026-02-01,500037,12588.91,1.258891,1.26,1.258891
2026-02-01,500039,58425.70,7.203168,7.20,7.203168
2026-02-01,500041,83939.50,10.348705,10.35,10.348705
2026-02-01,500044,50632.84,5.063284,5.06,5.063284
2026-02-01,500047,67589.33,9.629165,9.63,308.133280
2026-02-01,500048,4204.40,0.449237,0.45,0.449237
2026-02-02,500002,25087.05,2.817997,2.82,5.635994
2026-02-02,500004,152580.93,18.811348,18.81,37.622696
2026-02-02,500006,48158.99,5.145755,5.15,10.291510
2026-02-02,500008,10000.00,1.424658,1.42,47.013714
2026-02-02,500009,83896.90,11.952435,11.95,394.430355
2026-02-02,500011,1053.26,0.105326,0.11,0.210652
2026-02-02,500015,47184.25,4.718425,4.72,9.436850
2026-02-02,500016,4156.09,0.415609,0.42,0.831218
2026-02-02,500020,27933.80,3.979610,3.98,131.327130
2026-02-02,500021,56308.50,6.325064,6.33,12.650128
2026-02-02,500022,157671.82,19.438992,19.44,38.877984
2026-02-02,500023,1253.88,0.125388,0.13,0.250776
2026-02-02,500024,59081.08,5.908108,5.91,11.816216
2026-02-02,500025,17791.43,2.534669,2.53,83.644077
2026-02-02,500026,35397.99,3.782251,3.78,7.564502
2026-02-02,500027,4269.29,0.456171,0.46,0.912342
2026-02-02,500028,95062.64,13.543171,13.54,446.924643
2026-02-02,500029,157903.13,19.467509,19.47,38.935018
2026-02-02,500030,32739.02,3.498142,3.50,6.996284
2026-02-02,500031,89011.15,10.973977,10.97,21.947954
2026-02-02,500033,133748.62,16.489556,16.49,32.979112
2026-02-02,500034,234289.42,28.884997,28.88,57.769994
2026-02-02,500036,11826.47,1.328453,1.33,2.656906
2026-02-02,500037,12588.91,1.258891,1.26,2.517782
2026-02-02,500039,58425.70,7.203168,7.20,14.406336
2026-02-02,500041,83939.50,10.348705,10.35,20.697410
2026-02-02,500044,50632.84,5.063284,5.06,10.126568
2026-02-02,500047,67589.33,9.629165,9.63,317.762445
2026-02-02,500048,4204.40,0.449237,0.45,0.898474
2026-02-03,500002,25087.05,2.817997,2.82,8.453991
2026-02-03,500004,152580.93,18.811348,18.81,56.434044
2026-02-03,500006,48158.99,5.145755,5.15,15.437265
2026-02-03,500008,10000.00,1.424658,1.42,48.438372
2026-02-03,500009,83896.90,11.952435,11.95,406.382790
2026-02-03,500011,1053.26,0.105326,0.11,0.315978
2026-02-03,500015,47184.25,4.718425,4.72,14.155275
2026-02-03,500016,4156.09,0.415609,0.42,1.246827
2026-02-03,500020,27933.80,3.979610,3.98,135.306740
2026-02-03,500021,56308.50,6.325064,6.33,18.975192
2026-02-03,500022,157671.82,19.438992,19.44,58.316976
2026-02-03,500023,1253.88,0.125388,0.13,0.376164
2026-02-03,500024,59081.08,5.908108,5.91,17.724324
2026-02-03,500025,17791.43,2.534669,2.53,86.178746
2026-02-03,500026,35397.99,3.782251,3.78,11.346753
2026-02-03,500027,4269.29,0.456171,0.46,1.368513
2026-02-03,500028,95062.64,13.543171,13.54,460.467814
2026-02-03,500029,157903.13,19.467509,19.47,58.402527
2026-02-03,500030,32739.02,3.498142,3.50,10.494426
2026-02-03,500031,89011.15,10.973977,10.97,32.921931
2026-02-03,500033,133748.62,16.489556,16.49,49.468668
2026-02-03,500034,234289.42,28.884997,28.88,86.654991
2026-02-03,500036,11826.47,1.328453,1.33,3.985359
2026-02-03,500037,12588.91,1.258891,1.26,3.776673
2026-02-03,500039,58425.70,7.203168,7.20,21.609504
2026-02-03,500041,83939.50,10.348705,10.35,31.046115
2026-02-03,500044,50632.84,5.063284,5.06,15.189852
2026-02-03,500047,67589.33,9.629165,9.63,327.391610
2026-02-03,500048,4204.40,0.449237,0.45,1.347711
2026-02-04,500002,25087.05,2.817997,2.82,11.271988
2026-02-04,500004,152580.93,18.811348,18.81,75.245392
2026-02-04,500006,48158.99,5.145755,5.15,20.583020
2026-02-04,500008,10000.00,1.424658,1.42,49.863030
2026-02-04,500009,83896.90,11.952435,11.95,418.335225
2026-02-04,500011,1053.26,0.105326,0.11,0.421304
2026-02-04,500015,47184.25,4.718425,4.72,18.873700
2026-02-04,500016,4156.09,0.415609,0.42,1.662436
2026-02-04,500020,27933.80,3.979610,3.98,139.286350
2026-02-04,500021,56308.50,6.325064,6.33,25.300256
2026-02-04,500022,157671.82,19.438992,19.44,77.755968
2026-02-04,500023,1253.88,0.125388,0.13,0.501552
2026-02-04,500024,59081.08,5.908108,5.91,23.632432
2026-02-04,500025,17791.43,2.534669,2.53,88.713415
2026-02-04,500026,35397.99,3.782251,3.78,15.129004
2026-02-04,500027,4269.29,0.456171,0.46,1.824684
2026-02-04,500028,95062.64,13.543171,13.54,474.010985
2026-02-04,500029,157903.13,19.467509,19.47,77.870036
2026-02-04,500030,32739.02,3.498142,3.50,13.992568
2026-02-04,500031,89011.15,10.973977,10.97,43.895908
2026-02-04,500033,133748.62,16.489556,16.49,65.958224
2026-02-04,500034,234289.42,28.884997,28.88,115.539988
2026-02-04,500036,11826.47,1.328453,1.33,5.313812
2026-02-04,500037,12588.91,1.258891,1.26,5.035564
2026-02-04,500039,58425.70,7.203168,7.20,28.812672
2026-02-04,500041,83939.50,10.348705,10.35,41.394820
2026-02-04,500044,50632.84,5.063284,5.06,20.253136
2026-02-04,500047,67589.33,9.629165,9.63,337.020775
2026-02-04,500048,4204.40,0.449237,0.45,1.796948
2026-02-05,500002,25087.05,2.817997,2.82,14.089985
2026-02-05,500004,152580.93,18.811348,18.81,94.056740
2026-02-05,500006,48158.99,5.145755,5.15,25.728775
2026-02-05,500008,10000.00,1.424658,1.42,51.287688
2026-02-05,500009,83896.90,11.952435,11.95,430.287660
2026-02-05,500011,1053.26,0.105326,0.11,0.526630
2026-02-05,500015,47184.25,4.718425,4.72,23.592125
2026-02-05,500016,4156.09,0.415609,0.42,2.078045
2026-02-05,500020,27933.80,3.979610,3.98,143.265960
2026-02-05,500021,56308.50,6.325064,6.33,31.625320
2026-02-05,500022,157671.82,19.438992,19.44,97.194960
2026-02-05,500023,1253.88,0.125388,0.13,0.626940
2026-02-05,500024,59081.08,5.908108,5.91,29.540540
2026-02-05,500025,17791.43,2.534669,2.53,91.248084
2026-02-05,500026,35397.99,3.782251,3.78,18.911255
2026-02-05,500027,4269.29,0.456171,0.46,2.280855
2026-02-05,500028,95062.64,13.543171,13.54,487.554156
2026-02-05,500029,157903.13,19.467509,19.47,97.337545
2026-02-05,500030,32739.02,3.498142,3.50,17.490710
2026-02-05,500031,89011.15,10.973977,10.97,54.869885
2026-02-05,500033,133748.62,16.489556,16.49,82.447780
2026-02-05,500034,234289.42,28.884997,28.88,144.424985
2026-02-05,500036,11826.47,1.328453,1.33,6.642265
2026-02-05,500037,12588.91,1.258891,1.26,6.294455
2026-02-05,500039,58425.70,7.203168,7.20,36.015840
2026-02-05,500041,83939.50,10.348705,10.35,51.743525
2026-02-05,500044,50632.84,5.063284,5.06,25.316420
2026-02-05,500047,67589.33,9.629165,9.63,346.649940
2026-02-05,500048,4204.40,0.449237,0.45,2.246185
2026-02-06,500002,25087.05,2.817997,2.82,16.907982
2026-02-06,500004,152580.93,18.811348,18.81,112.868088
2026-02-06,500006,48158.99,5.145755,5.15,30.874530
2026-02-06,500008,10000.00,1.424658,1.42,52.712346
2026-02-06,500009,83896.90,11.952435,11.95,442.240095
2026-02-06,500011,1053.26,0.105326,0.11,0.631956
2026-02-06,500015,47184.25,4.718425,4.72,28.310550
2026-02-06,500016,4156.09,0.415609,0.42,2.493654
2026-02-06,500020,27933.80,3.979610,3.98,147.245570
2026-02-06,500021,56308.50,6.325064,6.33,37.950384
2026-02-06,500022,157671.82,19.438992,19.44,116.633952
2026-02-06,500023,1253.88,0.125388,0.13,0.752328
2026-02-06,500024,59081.08,5.908108,5.91,35.448648
2026-02-06,500025,17791.43,2.534669,2.53,93.782753
2026-02-06,500026,35397.99,3.782251,3.78,22.693506
2026-02-06,500027,4269.29,0.456171,0.46,2.737026
2026-02-06,500028,95062.64,13.543171,13.54,501.097327
2026-02-06,500029,157903.13,19.467509,19.47,116.805054
2026-02-06,500030,32739.02,3.498142,3.50,20.988852
2026-02-06,500031,89011.15,10.973977,10.97,65.843862
2026-02-06,500033,133748.62,16.489556,16.49,98.937336
2026-02-06,500034,234289.42,28.884997,28.88,173.309982
2026-02-06,500036,11826.47,1.328453,1.33,7.970718
2026-02-06,500037,12588.91,1.258891,1.26,7.553346
2026-02-06,500039,58425.70,7.203168,7.20,43.219008
2026-02-06,500041,83939.50,10.348705,10.35,62.092230
2026-02-06,500044,50632.84,5.063284,5.06,30.379704
2026-02-06,500047,67589.33,9.629165,9.63,356.279105
2026-02-06,500048,4204.40,0.449237,0.45,2.695422
2026-02-07,500002,25087.05,2.817997,2.82,19.725979
2026-02-07,500004,152580.93,18.811348,18.81,131.679436
2026-02-07,500006,48158.99,5.145755,5.15,36.020285
2026-02-07,500008,10000.00,1.424658,1.42,54.137004
2026-02-07,500009,83896.90,11.952435,11.95,454.192530
2026-02-07,500011,1053.26,0.105326,0.11,0.737282
2026-02-07,500015,47184.25,4.718425,4.72,33.028975
2026-02-07,500016,4156.09,0.415609,0.42,2.909263
2026-02-07,500020,27933.80,3.979610,3.98,151.225180
2026-02-07,500021,56308.50,6.325064,6.33,44.275448
2026-02-07,500022,157671.82,19.438992,19.44,136.072944
2026-02-07,500023,1253.88,0.125388,0.13,0.877716
2026-02-07,500024,59081.08,5.908108,5.91,41.356756
2026-02-07,500025,17791.43,2.534669,2.53,96.317422
2026-02-07,500026,35397.99,3.782251,3.78,26.475757
2026-02-07,500027,4269.29,0.456171,0.46,3.193197
2026-02-07,500028,95062.64,13.543171,13.54,514.640498
2026-02-07,500029,157903.13,19.467509,19.47,136.272563
2026-02-07,500030,32739.02,3.498142,3.50,24.486994
2026-02-07,500031,89011.15,10.973977,10.97,76.817839
2026-02-07,500033,133748.62,16.489556,16.49,115.426892
2026-02-07,500034,234289.42,28.884997,28.88,202.194979
2026-02-07,500036,11826.47,1.328453,1.33,9.299171
2026-02-07,500037,12588.91,1.258891,1.26,8.812237
2026-02-07,500039,58425.70,7.203168,7.20,50.422176
2026-02-07,500041,83939.50,10.348705,10.35,72.440935
2026-02-07,500044,50632.84,5.063284,5.06,35.442988
2026-02-07,500047,67589.33,9.629165,9.63,365.908270
2026-02-07,500048,4204.40,0.449237,0.45,3.144659
2026-02-08,500002,25087.05,2.817997,2.82,22.543976
2026-02-08,500004,152580.93,18.811348,18.81,150.490784
2026-02-08,500006,48158.99,5.145755,5.15,41.166040
2026-02-08,500008,10000.00,1.424658,1.42,55.561662
2026-02-08,500009,83896.90,11.952435,11.95,466.144965
2026-02-08,500011,1053.26,0.105326,0.11,0.842608
2026-02-08,500015,47184.25,4.718425,4.72,37.747400
2026-02-08,500016,4156.09,0.415609,0.42,3.324872
2026-02-08,500020,27933.80,3.979610,3.98,155.204790
2026-02-08,500021,56308.50,6.325064,6.33,50.600512
2026-02-08,500022,157671.82,19.438992,19.44,155.511936
2026-02-08,500023,1253.88,0.125388,0.13,1.003104
2026-02-08,500024,59081.08,5.908108,5.91,47.264864
2026-02-08,500025,17791.43,2.534669,2.53,98.852091
2026-02-08,500026,35397.99,3.782251,3.78,30.258008
2026-02-08,500027,4269.29,0.456171,0.46,3.649368
2026-02-08,500028,95062.64,13.543171,13.54,528.183669
2026-02-08,500029,157903.13,19.467509,19.47,155.740072
2026-02-08,500030,32739.02,3.498142,3.50,27.985136
2026-02-08,500031,89011.15,10.973977,10.97,87.791816
2026-02-08,500033,133748.62,16.489556,16.49,131.916448
2026-02-08,500034,234289.42,28.884997,28.88,231.079976
2026-02-08,500036,11826.47,1.328453,1.33,10.627624
2026-02-08,500037,12588.91,1.258891,1.26,10.071128
2026-02-08,500039,58425.70,7.203168,7.20,57.625344
2026-02-08,500041,83939.50,10.348705,10.35,82.789640
2026-02-08,500044,50632.84,5.063284,5.06,40.506272
2026-02-08,500047,67589.33,9.629165,9.63,375.537435
2026-02-08,500048,4204.40,0.449237,0.45,3.593896
2026-02-09,500002,25087.05,2.817997,2.82,25.361973
2026-02-09,500004,152580.93,18.811348,18.81,169.302132
2026-02-09,500006,48158.99,5.145755,5.15,46.311795
2026-02-09,500008,10000.00,1.424658,1.42,56.986320
2026-02-09,500009,83896.90,11.952435,11.95,478.097400
2026-02-09,500011,1053.26,0.105326,0.11,0.947934
2026-02-09,500015,47184.25,4.718425,4.72,42.465825
2026-02-09,500016,4156.09,0.415609,0.42,3.740481
2026-02-09,500020,27933.80,3.979610,3.98,159.184400
2026-02-09,500021,56308.50,6.325064,6.33,56.925576
2026-02-09,500022,157671.82,19.438992,19.44,174.950928
2026-02-09,500023,1253.88,0.125388,0.13,1.128492
2026-02-09,500024,59081.08,5.908108,5.91,53.172972
2026-02-09,500025,17791.43,2.534669,2.53,101.386760
2026-02-09,500026,35397.99,3.782251,3.78,34.040259
2026-02-09,500027,4269.29,0.456171,0.46,4.105539
2026-02-09,500028,95062.64,13.543171,13.54,541.726840
2026-02-09,500029,157903.13,19.467509,19.47,175.207581
2026-02-09,500030,32739.02,3.498142,3.50,31.483278
2026-02-09,500031,89011.15,10.973977,10.97,98.765793
2026-02-09,500033,133748.62,16.489556,16.49,148.406004
2026-02-09,500034,234289.42,28.884997,28.88,259.964973
2026-02-09,500036,11826.47,1.328453,1.33,11.956077
2026-02-09,500037,12588.91,1.258891,1.26,11.330019
2026-02-09,500039,58425.70,7.203168,7.20,64.828512
2026-02-09,500041,83939.50,10.348705,10.35,93.138345
2026-02-09,500044,50632.84,5.063284,5.06,45.569556
2026-02-09,500047,67589.33,9.629165,9.63,385.166600
2026-02-09,500048,4204.40,0.449237,0.45,4.043133
2026-02-10,500002,25087.05,2.817997,2.82,28.179970
2026-02-10,500004,152580.93,18.811348,18.81,188.113480
2026-02-10,500006,48158.99,5.145755,5.15,51.457550
2026-02-10,500008,10000.00,1.424658,1.42,58.410978
2026-02-10,500009,83896.90,11.952435,11.95,490.049835
2026-02-10,500011,1053.26,0.105326,0.11,1.053260
2026-02-10,500015,47184.25,4.718425,4.72,47.184250
2026-02-10,500016,4156.09,0.415609,0.42,4.156090
2026-02-10,500020,27933.80,3.979610,3.98,163.164010
2026-02-10,500021,56308.50,6.325064,6.33,63.250640
2026-02-10,500022,157671.82,19.438992,19.44,194.389920
2026-02-10,500023,1253.88,0.125388,0.13,1.253880
2026-02-10,500024,59081.08,5.908108,5.91,59.081080
2026-02-10,500025,17791.43,2.534669,2.53,103.921429
2026-02-10,500026,35397.99,3.782251,3.78,37.822510
2026-02-10,500027,4269.29,0.456171,0.46,4.561710
2026-02-10,500028,95062.64,13.543171,13.54,555.270011
2026-02-10,500029,157903.13,19.467509,19.47,194.675090
2026-02-10,500030,32739.02,3.498142,3.50,34.981420
2026-02-10,500031,89011.15,10.973977,10.97,109.739770
2026-02-10,500033,133748.62,16.489556,16.49,164.895560
2026-02-10,500034,234289.42,28.884997,28.88,288.849970
2026-02-10,500036,11826.47,1.328453,1.33,13.284530
2026-02-10,500037,12588.91,1.258891,1.26,12.588910
2026-02-10,500039,58425.70,7.203168,7.20,72.031680
2026-02-10,500041,83939.50,10.348705,10.35,103.487050
2026-02-10,500044,50632.84,5.063284,5.06,50.632840
2026-02-10,500047,67589.33,9.629165,9.63,394.795765
2026-02-10,500048,4204.40,0.449237,0.45,4.492370
2026-02-11,500002,25087.05,2.817997,2.82,30.997967
2026-02-11,500004,152580.93,18.811348,18.81,206.924828
2026-02-11,500006,48158.99,5.145755,5.15,56.603305
2026-02-11,500008,10000.00,1.424658,1.42,59.835636
2026-02-11,500009,83896.90,11.952435,11.95,502.002270
2026-02-11,500011,1053.26,0.105326,0.11,1.158586
2026-02-11,500015,47184.25,4.718425,4.72,51.902675
2026-02-11,500016,4156.09,0.415609,0.42,4.571699
2026-02-11,500020,27933.80,3.979610,3.98,167.143620
2026-02-11,500021,56308.50,6.325064,6.33,69.575704
2026-02-11,500022,157671.82,19.438992,19.44,213.828912
2026-02-11,500023,1253.88,0.125388,0.13,1.379268
2026-02-11,500024,59081.08,5.908108,5.91,64.989188
2026-02-11,500025,17791.43,2.534669,2.53,106.456098
2026-02-11,500026,35397.99,3.782251,3.78,41.604761
2026-02-11,500027,4269.29,0.456171,0.46,5.017881
2026-02-11,500028,95062.64,13.543171,13.54,568.813182
2026-02-11,500029,157903.13,19.467509,19.47,214.142599
2026-02-11,500030,32739.02,3.498142,3.50,38.479562
2026-02-11,500031,89011.15,10.973977,10.97,120.713747
2026-02-11,500033,133748.62,16.489556,16.49,181.385116
2026-02-11,500034,234289.42,28.884997,28.88,317.734967
2026-02-11,500036,11826.47,1.328453,1.33,14.612983
2026-02-11,500037,12588.91,1.258891,1.26,13.847801
2026-02-11,500039,58425.70,7.203168,7.20,79.234848
2026-02-11,500041,83939.50,10.348705,10.35,113.835755
2026-02-11,500044,50632.84,5.063284,5.06,55.696124
2026-02-11,500047,67589.33,9.629165,9.63,404.424930
2026-02-11,500048,4204.40,0.449237,0.45,4.941607
2026-02-12,500002,25087.05,2.817997,2.82,33.815964
2026-02-12,500004,152580.93,18.811348,18.81,225.736176
2026-02-12,500006,48158.99,5.145755,5.15,61.749060
2026-02-12,500008,10000.00,1.424658,1.42,61.260294
2026-02-12,500009,83896.90,11.952435,11.95,513.954705
2026-02-12,500011,1053.26,0.105326,0.11,1.263912
2026-02-12,500015,47184.25,4.718425,4.72,56.621100
2026-02-12,500016,4156.09,0.415609,0.42,4.987308
2026-02-12,500020,27933.80,3.979610,3.98,171.123230
2026-02-12,500021,56308.50,6.325064,6.33,75.900768
2026-02-12,500022,157671.82,19.438992,19.44,233.267904
2026-02-12,500023,1253.88,0.125388,0.13,1.504656
2026-02-12,500024,59081.08,5.908108,5.91,70.897296
2026-02-12,500025,17791.43,2.534669,2.53,108.990767
2026-02-12,500026,35397.99,3.782251,3.78,45.387012
2026-02-12,500027,4269.29,0.456171,0.46,5.474052
2026-02-12,500028,95062.64,13.543171,13.54,582.356353
2026-02-12,500029,157903.13,19.467509,19.47,233.610108
2026-02-12,500030,32739.02,3.498142,3.50,41.977704
2026-02-12,500031,89011.15,10.973977,10.97,131.687724
2026-02-12,500033,133748.62,16.489556,16.49,197.874672
2026-02-12,500034,234289.42,28.884997,28.88,346.619964
2026-02-12,500036,11826.47,1.328453,1.33,15.941436
2026-02-12,500037,12588.91,1.258891,1.26,15.106692
2026-02-12,500039,58425.70,7.203168,7.20,86.438016
2026-02-12,500041,83939.50,10.348705,10.35,124.184460
2026-02-12,500044,50632.84,5.063284,5.06,60.759408
2026-02-12,500047,67589.33,9.629165,9.63,414.054095
2026-02-12,500048,4204.40,0.449237,0.45,5.390844
2026-02-13,500002,25087.05,2.817997,2.82,36.633961
2026-02-13,500004,152580.93,18.811348,18.81,244.547524
2026-02-13,500006,48158.99,5.145755,5.15,66.894815
2026-02-13,500008,10000.00,1.424658,1.42,62.684952
2026-02-13,500009,83896.90,11.952435,11.95,525.907140
2026-02-13,500011,1053.26,0.105326,0.11,1.369238
2026-02-13,500015,47184.25,4.718425,4.72,61.339525
2026-02-13,500016,4156.09,0.415609,0.42,5.402917
2026-02-13,500020,27933.80,3.979610,3.98,175.102840
2026-02-13,500021,56308.50,6.325064,6.33,82.225832
2026-02-13,500022,157671.82,19.438992,19.44,252.706896
2026-02-13,500023,1253.88,0.125388,0.13,1.630044
2026-02-13,500024,59081.08,5.908108,5.91,76.805404
2026-02-13,500025,17791.43,2.534669,2.53,111.525436
2026-02-13,500026,35397.99,3.782251,3.78,49.169263
2026-02-13,500027,4269.29,0.456171,0.46,5.930223
2026-02-13,500028,95062.64,13.543171,13.54,595.899524
2026-02-13,500029,157903.13,19.467509,19.47,253.077617
2026-02-13,500030,32739.02,3.498142,3.50,45.475846
2026-02-13,500031,89011.15,10.973977,10.97,142.661701
2026-02-13,500033,133748.62,16.489556,16.49,214.364228
2026-02-13,500034,234289.42,28.884997,28.88,375.504961
2026-02-13,500036,11826.47,1.328453,1.33,17.269889
2026-02-13,500037,12588.91,1.258891,1.26,16.365583
2026-02-13,500039,58425.70,7.203168,7.20,93.641184
2026-02-13,500041,83939.50,10.348705,10.35,134.533165
2026-02-13,500044,50632.84,5.063284,5.06,65.822692
2026-02-13,500047,67589.33,9.629165,9.63,423.683260
2026-02-13,500048,4204.40,0.449237,0.45,5.840081
2026-02-14,500002,25087.05,2.817997,2.82,39.451958
2026-02-14,500004,152580.93,18.811348,18.81,263.358872
2026-02-14,500006,48158.99,5.145755,5.15,72.040570
2026-02-14,500008,10000.00,1.424658,1.42,64.109610
2026-02-14,500009,83896.90,11.952435,11.95,537.859575
2026-02-14,500011,1053.26,0.105326,0.11,1.474564
2026-02-14,500015,47184.25,4.718425,4.72,66.057950
2026-02-14,500016,4156.09,0.415609,0.42,5.818526
2026-02-14,500020,27933.80,3.979610,3.98,179.082450
2026-02-14,500021,56308.50,6.325064,6.33,88.550896
2026-02-14,500022,157671.82,19.438992,19.44,272.145888
2026-02-14,500023,1253.88,0.125388,0.13,1.755432
2026-02-14,500024,59081.08,5.908108,5.91,82.713512
2026-02-14,500025,17791.43,2.534669,2.53,114.060105
2026-02-14,500026,35397.99,3.782251,3.78,52.951514
2026-02-14,500027,4269.29,0.456171,0.46,6.386394
2026-02-14,500028,95062.64,13.543171,13.54,609.442695
2026-02-14,500029,157903.13,19.467509,19.47,272.545126
2026-02-14,500030,32739.02,3.498142,3.50,48.973988
2026-02-14,500031,89011.15,10.973977,10.97,153.635678
2026-02-14,500033,133748.62,16.489556,16.49,230.853784
2026-02-14,500034,234289.42,28.884997,28.88,404.389958
2026-02-14,500036,11826.47,1.328453,1.33,18.598342
2026-02-14,500037,12588.91,1.258891,1.26,17.624474
2026-02-14,500039,58425.70,7.203168,7.20,100.844352
2026-02-14,500041,83939.50,10.348705,10.35,144.881870
2026-02-14,500044,50632.84,5.063284,5.06,70.885976
2026-02-14,500047,67589.33,9.629165,9.63,433.312425
2026-02-14,500048,4204.40,0.449237,0.45,6.289318
2026-02-15,500002,25087.05,2.817997,2.82,42.269955
2026-02-15,500004,152580.93,18.811348,18.81,282.170220
2026-02-15,500006,48158.99,5.145755,5.15,77.186325
2026-02-15,500008,10000.00,1.424658,1.42,65.534268
2026-02-15,500009,83896.90,11.952435,11.95,549.812010
2026-02-15,500011,1053.26,0.105326,0.11,1.579890
2026-02-15,500015,47184.25,4.718425,4.72,70.776375
2026-02-15,500016,4156.09,0.415609,0.42,6.234135
2026-02-15,500020,27933.80,3.979610,3.98,183.062060
2026-02-15,500021,56308.50,6.325064,6.33,94.875960
2026-02-15,500022,157671.82,19.438992,19.44,291.584880
2026-02-15,500023,1253.88,0.125388,0.13,1.880820
2026-02-15,500024,59081.08,5.908108,5.91,88.621620
2026-02-15,500025,17791.43,2.534669,2.53,116.594774
2026-02-15,500026,35397.99,3.782251,3.78,56.733765
2026-02-15,500027,4269.29,0.456171,0.46,6.842565
2026-02-15,500028,95062.64,13.543171,13.54,622.985866
2026-02-15,500029,157903.13,19.467509,19.47,292.012635
2026-02-15,500030,32739.02,3.498142,3.50,52.472130
2026-02-15,500031,89011.15,10.973977,10.97,164.609655
2026-02-15,500033,133748.62,16.489556,16.49,247.343340
2026-02-15,500034,234289.42,28.884997,28.88,433.274955
2026-02-15,500036,11826.47,1.328453,1.33,19.926795
2026-02-15,500037,12588.91,1.258891,1.26,18.883365
2026-02-15,500039,58425.70,7.203168,7.20,108.047520
2026-02-15,500041,83939.50,10.348705,10.35,155.230575
2026-02-15,500044,50632.84,5.063284,5.06,75.949260
2026-02-15,500047,67589.33,9.629165,9.63,442.941590
2026-02-15,500048,4204.40,0.449237,0.45,6.738555
2026-02-16,500002,25087.05,2.817997,2.82,45.087952
2026-02-16,500004,152580.93,18.811348,18.81,300.981568
2026-02-16,500006,48158.99,5.145755,5.15,82.332080
2026-02-16,500008,10000.00,1.424658,1.42,66.958926
2026-02-16,500009,83896.90,11.952435,11.95,561.764445
2026-02-16,500011,1053.26,0.105326,0.11,1.685216
2026-02-16,500015,47184.25,4.718425,4.72,75.494800
2026-02-16,500016,4156.09,0.415609,0.42,6.649744
2026-02-16,500020,27933.80,3.979610,3.98,187.041670
2026-02-16,500021,56308.50,6.325064,6.33,101.201024
2026-02-16,500022,157671.82,19.438992,19.44,311.023872
2026-02-16,500023,1253.88,0.125388,0.13,2.006208
2026-02-16,500024,59081.08,5.908108,5.91,94.529728
2026-02-16,500025,17791.43,2.534669,2.53,119.129443
2026-02-16,500026,35397.99,3.782251,3.78,60.516016
2026-02-16,500027,4269.29,0.456171,0.46,7.298736
2026-02-16,500028,95062.64,13.543171,13.54,636.529037
2026-02-16,500029,157903.13,19.467509,19.47,311.480144
2026-02-16,500030,32739.02,3.498142,3.50,55.970272
2026-02-16,500031,89011.15,10.973977,10.97,175.583632
2026-02-16,500033,133748.62,16.489556,16.49,263.832896
2026-02-16,500034,234289.42,28.884997,28.88,462.159952
2026-02-16,500036,11826.47,1.328453,1.33,21.255248
2026-02-16,500037,12588.91,1.258891,1.26,20.142256
2026-02-16,500039,58425.70,7.203168,7.20,115.250688
2026-02-16,500041,83939.50,10.348705,10.35,165.579280
2026-02-16,500044,50632.84,5.063284,5.06,81.012544
2026-02-16,500047,67589.33,9.629165,9.63,452.570755
2026-02-16,500048,4204.40,0.449237,0.45,7.187792
2026-02-17,500002,25087.05,2.817997,2.82,47.905949
2026-02-17,500004,152580.93,18.811348,18.81,319.792916
2026-02-17,500006,48158.99,5.145755,5.15,87.477835
2026-02-17,500008,10000.00,1.424658,1.42,68.383584
2026-02-17,500009,83896.90,11.952435,11.95,573.716880
2026-02-17,500011,1053.26,0.105326,0.11,1.790542
2026-02-17,500015,47184.25,4.718425,4.72,80.213225
2026-02-17,500016,4156.09,0.415609,0.42,7.065353
2026-02-17,500020,27933.80,3.979610,3.98,191.021280
2026-02-17,500021,56308.50,6.325064,6.33,107.526088
2026-02-17,500022,157671.82,19.438992,19.44,330.462864
2026-02-17,500023,1253.88,0.125388,0.13,2.131596
2026-02-17,500024,59081.08,5.908108,5.91,100.437836
2026-02-17,500025,17791.43,2.534669,2.53,121.664112
2026-02-17,500026,35397.99,3.782251,3.78,64.298267
2026-02-17,500027,4269.29,0.456171,0.46,7.754907
2026-02-17,500028,95062.64,13.543171,13.54,650.072208
2026-02-17,500029,157903.13,19.467509,19.47,330.947653
2026-02-17,500030,32739.02,3.498142,3.50,59.468414
2026-02-17,500031,89011.15,10.973977,10.97,186.557609
2026-02-17,500033,133748.62,16.489556,16.49,280.322452
2026-02-17,500034,234289.42,28.884997,28.88,491.044949
2026-02-17,500036,11826.47,1.328453,1.33,22.583701
2026-02-17,500037,12588.91,1.258891,1.26,21.401147
2026-02-17,500039,58425.70,7.203168,7.20,122.453856
2026-02-17,500041,83939.50,10.348705,10.35,175.927985
2026-02-17,500044,50632.84,5.063284,5.06,86.075828
2026-02-17,500047,67589.33,9.629165,9.63,462.199920
2026-02-17,500048,4204.40,0.449237,0.45,7.637029
2026-02-18,500002,25087.05,2.817997,2.82,50.723946
2026-02-18,500004,152580.93,18.811348,18.81,338.604264
2026-02-18,500006,48158.99,5.145755,5.15,92.623590
2026-02-18,500008,10000.00,1.424658,1.42,69.808242
2026-02-18,500009,83896.90,11.952435,11.95,585.669315
2026-02-18,500011,1053.26,0.105326,0.11,1.895868
2026-02-18,500015,47184.25,4.718425,4.72,84.931650
2026-02-18,500016,4156.09,0.415609,0.42,7.480962
2026-02-18,500020,27933.80,3.979610,3.98,195.000890
2026-02-18,500021,56308.50,6.325064,6.33,113.851152
2026-02-18,500022,157671.82,19.438992,19.44,349.901856
2026-02-18,500023,1253.88,0.125388,0.13,2.256984
2026-02-18,500024,59081.08,5.908108,5.91,106.345944
2026-02-18,500025,17791.43,2.534669,2.53,124.198781
2026-02-18,500026,35397.99,3.782251,3.78,68.080518
2026-02-18,500027,4269.29,0.456171,0.46,8.211078
2026-02-18,500028,95062.64,13.543171,13.54,663.615379
2026-02-18,500029,157903.13,19.467509,19.47,350.415162
2026-02-18,500030,32739.02,3.498142,3.50,62.966556
2026-02-18,500031,89011.15,10.973977,10.97,197.531586
2026-02-18,500033,133748.62,16.489556,16.49,296.812008
2026-02-18,500034,234289.42,28.884997,28.88,519.929946
2026-02-18,500036,11826.47,1.328453,1.33,23.912154
2026-02-18,500037,12588.91,1.258891,1.26,22.660038
2026-02-18,500039,58425.70,7.203168,7.20,129.657024
2026-02-18,500041,83939.50,10.348705,10.35,186.276690
2026-02-18,500044,50632.84,5.063284,5.06,91.139112
2026-02-18,500047,67589.33,9.629165,9.63,471.829085
2026-02-18,500048,4204.40,0.449237,0.45,8.086266
2026-02-19,500002,25087.05,2.817997,2.82,53.541943
2026-02-19,500004,152580.93,18.811348,18.81,357.415612
2026-02-19,500006,48158.99,5.145755,5.15,97.769345
2026-02-19,500008,10000.00,1.424658,1.42,71.232900
2026-02-19,500009,83896.90,11.952435,11.95,597.621750
2026-02-19,500011,1053.26,0.105326,0.11,2.001194
2026-02-19,500015,47184.25,4.718425,4.72,89.650075
2026-02-19,500016,4156.09,0.415609,0.42,7.896571
2026-02-19,500020,27933.80,3.979610,3.98,198.980500
2026-02-19,500021,56308.50,6.325064,6.33,120.176216
2026-02-19,500022,157671.82,19.438992,19.44,369.340848
2026-02-19,500023,1253.88,0.125388,0.13,2.382372
2026-02-19,500024,59081.08,5.908108,5.91,112.254052
2026-02-19,500025,17791.43,2.534669,2.53,126.733450
2026-02-19,500026,35397.99,3.782251,3.78,71.862769
2026-02-19,500027,4269.29,0.456171,0.46,8.667249
2026-02-19,500028,95062.64,13.543171,13.54,677.158550
2026-02-19,500029,157903.13,19.467509,19.47,369.882671
2026-02-19,500030,32739.02,3.498142,3.50,66.464698
2026-02-19,500031,89011.15,10.973977,10.97,208.505563
2026-02-19,500033,133748.62,16.489556,16.49,313.301564
2026-02-19,500034,234289.42,28.884997,28.88,548.814943
2026-02-19,500036,11826.47,1.328453,1.33,25.240607
2026-02-19,500037,12588.91,1.258891,1.26,23.918929
2026-02-19,500039,58425.70,7.203168,7.20,136.860192
2026-02-19,500041,83939.50,10.348705,10.35,196.625395
2026-02-19,500044,50632.84,5.063284,5.06,96.202396
2026-02-19,500047,67589.33,9.629165,9.63,481.458250
2026-02-19,500048,4204.40,0.449237,0.45,8.535503
2026-02-20,500002,25087.05,2.817997,2.82,56.359940
2026-02-20,500004,152580.93,18.811348,18.81,376.226960
2026-02-20,500006,48158.99,5.145755,5.15,102.915100
2026-02-20,500008,10000.00,1.424658,1.42,72.657558
2026-02-20,500009,83896.90,11.952435,11.95,609.574185
2026-02-20,500011,1053.26,0.105326,0.11,2.106520
2026-02-20,500015,47184.25,4.718425,4.72,94.368500
2026-02-20,500016,4156.09,0.415609,0.42,8.312180
2026-02-20,500020,27933.80,3.979610,3.98,202.960110
2026-02-20,500021,56308.50,6.325064,6.33,126.501280
2026-02-20,500022,157671.82,19.438992,19.44,388.779840
2026-02-20,500023,1253.88,0.125388,0.13,2.507760
2026-02-20,500024,59081.08,5.908108,5.91,118.162160
2026-02-20,500025,17791.43,2.534669,2.53,129.268119
2026-02-20,500026,35397.99,3.782251,3.78,75.645020
2026-02-20,500027,4269.29,0.456171,0.46,9.123420
2026-02-20,500028,95062.64,13.543171,13.54,690.701721
2026-02-20,500029,157903.13,19.467509,19.47,389.350180
2026-02-20,500030,32739.02,3.498142,3.50,69.962840
2026-02-20,500031,89011.15,10.973977,10.97,219.479540
2026-02-20,500033,133748.62,16.489556,16.49,329.791120
2026-02-20,500034,234289.42,28.884997,28.88,577.699940
2026-02-20,500036,11826.47,1.328453,1.33,26.569060
2026-02-20,500037,12588.91,1.258891,1.26,25.177820
2026-02-20,500039,58425.70,7.203168,7.20,144.063360
2026-02-20,500041,83939.50,10.348705,10.35,206.974100
2026-02-20,500044,50632.84,5.063284,5.06,101.265680
2026-02-20,500047,67589.33,9.629165,9.63,491.087415
2026-02-20,500048,4204.40,0.449237,0.45,8.984740
2026-02-21,500002,25087.05,2.817997,2.82,59.177937
2026-02-21,500004,152580.93,18.811348,18.81,395.038308
2026-02-21,500006,48158.99,5.145755,5.15,108.060855
2026-02-21,500008,10000.00,1.424658,1.42,74.082216
2026-02-21,500009,83896.90,11.952435,11.95,621.526620
2026-02-21,500011,1053.26,0.105326,0.11,2.211846
2026-02-21,500015,47184.25,4.718425,4.72,99.086925
2026-02-21,500016,4156.09,0.415609,0.42,8.727789
2026-02-21,500020,27933.80,3.979610,3.98,206.939720
2026-02-21,500021,56308.50,6.325064,6.33,132.826344
2026-02-21,500022,157671.82,19.438992,19.44,408.218832
2026-02-21,500023,1253.88,0.125388,0.13,2.633148
2026-02-21,500024,59081.08,5.908108,5.91,124.070268
2026-02-21,500025,17791.43,2.534669,2.53,131.802788
2026-02-21,500026,35397.99,3.782251,3.78,79.427271
2026-02-21,500027,4269.29,0.456171,0.46,9.579591
2026-02-21,500028,95062.64,13.543171,13.54,704.244892
2026-02-21,500029,157903.13,19.467509,19.47,408.817689
2026-02-21,500030,32739.02,3.498142,3.50,73.460982
2026-02-21,500031,89011.15,10.973977,10.97,230.453517
2026-02-21,500033,133748.62,16.489556,16.49,346.280676
2026-02-21,500034,234289.42,28.884997,28.88,606.584937
2026-02-21,500036,11826.47,1.328453,1.33,27.897513
2026-02-21,500037,12588.91,1.258891,1.26,26.436711
2026-02-21,500039,58425.70,7.203168,7.20,151.266528
2026-02-21,500041,83939.50,10.348705,10.35,217.322805
2026-02-21,500044,50632.84,5.063284,5.06,106.328964
2026-02-21,500047,67589.33,9.629165,9.63,500.716580
2026-02-21,500048,4204.40,0.449237,0.45,9.433977
2026-02-22,500002,25087.05,2.817997,2.82,61.995934
2026-02-22,500004,152580.93,18.811348,18.81,413.849656
2026-02-22,500006,48158.99,5.145755,5.15,113.206610
2026-02-22,500008,10000.00,1.424658,1.42,75.506874
2026-02-22,500009,83896.90,11.952435,11.95,633.479055
2026-02-22,500011,1053.26,0.105326,0.11,2.317172
2026-02-22,500015,47184.25,4.718425,4.72,103.805350
2026-02-22,500016,4156.09,0.415609,0.42,9.143398
2026-02-22,500020,27933.80,3.979610,3.98,210.919330
2026-02-22,500021,56308.50,6.325064,6.33,139.151408
2026-02-22,500022,157671.82,19.438992,19.44,427.657824
2026-02-22,500023,1253.88,0.125388,0.13,2.758536
2026-02-22,500024,59081.08,5.908108,5.91,129.978376
2026-02-22,500025,17791.43,2.534669,2.53,134.337457
2026-02-22,500026,35397.99,3.782251,3.78,83.209522
2026-02-22,500027,4269.29,0.456171,0.46,10.035762
2026-02-22,500028,95062.64,13.543171,13.54,717.788063
2026-02-22,500029,157903.13,19.467509,19.47,428.285198
2026-02-22,500030,32739.02,3.498142,3.50,76.959124
2026-02-22,500031,89011.15,10.973977,10.97,241.427494
2026-02-22,500033,133748.62,16.489556,16.49,362.770232
2026-02-22,500034,234289.42,28.884997,28.88,635.469934
2026-02-22,500036,11826.47,1.328453,1.33,29.225966
2026-02-22,500037,12588.91,1.258891,1.26,27.695602
2026-02-22,500039,58425.70,7.203168,7.20,158.469696
2026-02-22,500041,83939.50,10.348705,10.35,227.671510
2026-02-22,500044,50632.84,5.063284,5.06,111.392248
2026-02-22,500047,67589.33,9.629165,9.63,510.345745
2026-02-22,500048,4204.40,0.449237,0.45,9.883214
2026-02-23,500002,25087.05,2.817997,2.82,64.813931
2026-02-23,500004,152580.93,18.811348,18.81,432.661004
2026-02-23,500006,48158.99,5.145755,5.15,118.352365
2026-02-23,500008,10000.00,1.424658,1.42,76.931532
2026-02-23,500009,83896.90,11.952435,11.95,645.431490
2026-02-23,500011,1053.26,0.105326,0.11,2.422498
2026-02-23,500015,47184.25,4.718425,4.72,108.523775
2026-02-23,500016,4156.09,0.415609,0.42,9.559007
2026-02-23,500020,27933.80,3.979610,3.98,214.898940
2026-02-23,500021,56308.50,6.325064,6.33,145.476472
2026-02-23,500022,157671.82,19.438992,19.44,447.096816
2026-02-23,500023,1253.88,0.125388,0.13,2.883924
2026-02-23,500024,59081.08,5.908108,5.91,135.886484
2026-02-23,500025,17791.43,2.534669,2.53,136.872126
2026-02-23,500026,35397.99,3.782251,3.78,86.991773
2026-02-23,500027,4269.29,0.456171,0.46,10.491933
2026-02-23,500028,95062.64,13.543171,13.54,731.331234
2026-02-23,500029,157903.13,19.467509,19.47,447.752707
2026-02-23,500030,32739.02,3.498142,3.50,80.457266
2026-02-23,500031,89011.15,10.973977,10.97,252.401471
2026-02-23,500033,133748.62,16.489556,16.49,379.259788
2026-02-23,500034,234289.42,28.884997,28.88,664.354931
2026-02-23,500036,11826.47,1.328453,1.33,30.554419
2026-02-23,500037,12588.91,1.258891,1.26,28.954493
2026-02-23,500039,58425.70,7.203168,7.20,165.672864
2026-02-23,500041,83939.50,10.348705,10.35,238.020215
2026-02-23,500044,50632.84,5.063284,5.06,116.455532
2026-02-23,500047,67589.33,9.629165,9.63,519.974910
2026-02-23,500048,4204.40,0.449237,0.45,10.332451
2026-02-24,500002,25087.05,2.817997,2.82,67.631928
2026-02-24,500004,152580.93,18.811348,18.81,451.472352
2026-02-24,500006,48158.99,5.145755,5.15,123.498120
2026-02-24,500008,10000.00,1.424658,1.42,78.356190
2026-02-24,500009,83896.90,11.952435,11.95,657.383925
2026-02-24,500011,1053.26,0.105326,0.11,2.527824
2026-02-24,500015,47184.25,4.718425,4.72,113.242200
2026-02-24,500016,4156.09,0.415609,0.42,9.974616
2026-02-24,500020,27933.80,3.979610,3.98,218.878550
2026-02-24,500021,56308.50,6.325064,6.33,151.801536
2026-02-24,500022,157671.82,19.438992,19.44,466.535808
2026-02-24,500023,1253.88,0.125388,0.13,3.009312
2026-02-24,500024,59081.08,5.908108,5.91,141.794592
2026-02-24,500025,17791.43,2.534669,2.53,139.406795
2026-02-24,500026,35397.99,3.782251,3.78,90.774024
2026-02-24,500027,4269.29,0.456171,0.46,10.948104
2026-02-24,500028,95062.64,13.543171,13.54,744.874405
2026-02-24,500029,157903.13,19.467509,19.47,467.220216
2026-02-24,500030,32739.02,3.498142,3.50,83.955408
2026-02-24,500031,89011.15,10.973977,10.97,263.375448
2026-02-24,500033,133748.62,16.489556,16.49,395.749344
2026-02-24,500034,234289.42,28.884997,28.88,693.239928
2026-02-24,500036,11826.47,1.328453,1.33,31.882872
2026-02-24,500037,12588.91,1.258891,1.26,30.213384
2026-02-24,500039,58425.70,7.203168,7.20,172.876032
2026-02-24,500041,83939.50,10.348705,10.35,248.368920
2026-02-24,500044,50632.84,5.063284,5.06,121.518816
2026-02-24,500047,67589.33,9.629165,9.63,529.604075
2026-02-24,500048,4204.40,0.449237,0.45,10.781688
2026-02-25,500002,25087.05,2.817997,2.82,70.449925
2026-02-25,500004,152580.93,18.811348,18.81,470.283700
2026-02-25,500006,48158.99,5.145755,5.15,128.643875
2026-02-25,500008,10000.00,1.424658,1.42,79.780848
2026-02-25,500009,83896.90,11.952435,11.95,669.336360
2026-02-25,500011,1053.26,0.105326,0.11,2.633150
2026-02-25,500015,47184.25,4.718425,4.72,117.960625
2026-02-25,500016,4156.09,0.415609,0.42,10.390225
2026-02-25,500020,27933.80,3.979610,3.98,222.858160
2026-02-25,500021,56308.50,6.325064,6.33,158.126600
2026-02-25,500022,157671.82,19.438992,19.44,485.974800
2026-02-25,500023,1253.88,0.125388,0.13,3.134700
2026-02-25,500024,59081.08,5.908108,5.91,147.702700
2026-02-25,500025,17791.43,2.534669,2.53,141.941464
2026-02-25,500026,35397.99,3.782251,3.78,94.556275
2026-02-25,500027,4269.29,0.456171,0.46,11.404275
2026-02-25,500028,95062.64,13.543171,13.54,758.417576
2026-02-25,500029,157903.13,19.467509,19.47,486.687725
2026-02-25,500030,32739.02,3.498142,3.50,87.453550
2026-02-25,500031,89011.15,10.973977,10.97,274.349425
2026-02-25,500033,133748.62,16.489556,16.49,412.238900
2026-02-25,500034,234289.42,28.884997,28.88,722.124925
2026-02-25,500036,11826.47,1.328453,1.33,33.211325
2026-02-25,500037,12588.91,1.258891,1.26,31.472275
2026-02-25,500039,58425.70,7.203168,7.20,180.079200
2026-02-25,500041,83939.50,10.348705,10.35,258.717625
2026-02-25,500044,50632.84,5.063284,5.06,126.582100
2026-02-25,500047,67589.33,9.629165,9.63,539.233240
2026-02-25,500048,4204.40,0.449237,0.45,11.230925
2026-02-26,500002,25087.05,2.817997,2.82,73.267922
2026-02-26,500004,152580.93,18.811348,18.81,489.095048
2026-02-26,500006,48158.99,5.145755,5.15,133.789630
2026-02-26,500008,10000.00,1.424658,1.42,81.205506
2026-02-26,500009,83896.90,11.952435,11.95,681.288795
2026-02-26,500011,1053.26,0.105326,0.11,2.738476
2026-02-26,500015,47184.25,4.718425,4.72,122.679050
2026-02-26,500016,4156.09,0.415609,0.42,10.805834
2026-02-26,500020,27933.80,3.979610,3.98,226.837770
2026-02-26,500021,56308.50,6.325064,6.33,164.451664
2026-02-26,500022,157671.82,19.438992,19.44,505.413792
2026-02-26,500023,1253.88,0.125388,0.13,3.260088
2026-02-26,500024,59081.08,5.908108,5.91,153.610808
2026-02-26,500025,17791.43,2.534669,2.53,144.476133
2026-02-26,500026,35397.99,3.782251,3.78,98.338526
2026-02-26,500027,4269.29,0.456171,0.46,11.860446
2026-02-26,500028,95062.64,13.543171,13.54,771.960747
2026-02-26,500029,157903.13,19.467509,19.47,506.155234
2026-02-26,500030,32739.02,3.498142,3.50,90.951692
2026-02-26,500031,89011.15,10.973977,10.97,285.323402
2026-02-26,500033,133748.62,16.489556,16.49,428.728456
2026-02-26,500034,234289.42,28.884997,28.88,751.009922
2026-02-26,500036,11826.47,1.328453,1.33,34.539778
2026-02-26,500037,12588.91,1.258891,1.26,32.731166
2026-02-26,500039,58425.70,7.203168,7.20,187.282368
2026-02-26,500041,83939.50,10.348705,10.35,269.066330
2026-02-26,500044,50632.84,5.063284,5.06,131.645384
2026-02-26,500047,67589.33,9.629165,9.63,548.862405
2026-02-26,500048,4204.40,0.449237,0.45,11.680162
2026-02-27,500002,25087.05,2.817997,2.82,76.085919
2026-02-27,500004,152580.93,18.811348,18.81,507.906396
2026-02-27,500006,48158.99,5.145755,5.15,138.935385
2026-02-27,500008,10000.00,1.424658,1.42,82.630164
2026-02-27,500009,83896.90,11.952435,11.95,693.241230
2026-02-27,500011,1053.26,0.105326,0.11,2.843802
2026-02-27,500015,47184.25,4.718425,4.72,127.397475
2026-02-27,500016,4156.09,0.415609,0.42,11.221443
2026-02-27,500020,27933.80,3.979610,3.98,230.817380
2026-02-27,500021,56308.50,6.325064,6.33,170.776728
2026-02-27,500022,157671.82,19.438992,19.44,524.852784
2026-02-27,500023,1253.88,0.125388,0.13,3.385476
2026-02-27,500024,59081.08,5.908108,5.91,159.518916
2026-02-27,500025,17791.43,2.534669,2.53,147.010802
2026-02-27,500026,35397.99,3.782251,3.78,102.120777
2026-02-27,500027,4269.29,0.456171,0.46,12.316617
2026-02-27,500028,95062.64,13.543171,13.54,785.503918
2026-02-27,500029,157903.13,19.467509,19.47,525.622743
2026-02-27,500030,32739.02,3.498142,3.50,94.449834
2026-02-27,500031,89011.15,10.973977,10.97,296.297379
2026-02-27,500033,133748.62,16.489556,16.49,445.218012
2026-02-27,500034,234289.42,28.884997,28.88,779.894919
2026-02-27,500036,11826.47,1.328453,1.33,35.868231
2026-02-27,500037,12588.91,1.258891,1.26,33.990057
2026-02-27,500039,58425.70,7.203168,7.20,194.485536
2026-02-27,500041,83939.50,10.348705,10.35,279.415035
2026-02-27,500044,50632.84,5.063284,5.06,136.708668
2026-02-27,500047,67589.33,9.629165,9.63,558.491570
2026-02-27,500048,4204.40,0.449237,0.45,12.129399
2026-02-28,500002,25087.05,2.817997,2.82,78.903916
2026-02-28,500004,152580.93,18.811348,18.81,526.717744
2026-02-28,500006,48158.99,5.145755,5.15,144.081140
2026-02-28,500008,10000.00,1.424658,1.42,84.054822
2026-02-28,500009,83896.90,11.952435,11.95,705.193665
2026-02-28,500011,1053.26,0.105326,0.11,2.949128
2026-02-28,500015,47184.25,4.718425,4.72,132.115900
2026-02-28,500016,4156.09,0.415609,0.42,11.637052
2026-02-28,500020,27933.80,3.979610,3.98,234.796990
2026-02-28,500021,56308.50,6.325064,6.33,177.101792
2026-02-28,500022,157671.82,19.438992,19.44,544.291776
2026-02-28,500023,1253.88,0.125388,0.13,3.510864
2026-02-28,500024,59081.08,5.908108,5.91,165.427024
2026-02-28,500025,17791.43,2.534669,2.53,149.545471
2026-02-28,500026,35397.99,3.782251,3.78,105.903028
2026-02-28,500027,4269.29,0.456171,0.46,12.772788
2026-02-28,500028,95062.64,13.543171,13.54,799.047089
2026-02-28,500029,157903.13,19.467509,19.47,545.090252
2026-02-28,500030,32739.02,3.498142,3.50,97.947976
2026-02-28,500031,89011.15,10.973977,10.97,307.271356
2026-02-28,500033,133748.62,16.489556,16.49,461.707568
2026-02-28,500034,234289.42,28.884997,28.88,808.779916
2026-02-28,500036,11826.47,1.328453,1.33,37.196684
2026-02-28,500037,12588.91,1.258891,1.26,35.248948
2026-02-28,500039,58425.70,7.203168,7.20,201.688704
2026-02-28,500041,83939.50,10.348705,10.35,289.763740
2026-02-28,500044,50632.84,5.063284,5.06,141.771952
2026-02-28,500047,67589.33,9.629165,9.63,568.120735
2026-02-28,500048,4204.40,0.449237,0.45,12.578636
2026-03-01,500002,25165.95,2.826860,2.83,2.826860
2026-03-01,500004,153107.65,18.876286,18.88,18.876286
2026-03-01,500006,48303.07,5.161150,5.16,5.161150
2026-03-01,500008,10000.00,1.424658,1.42,85.479480
2026-03-01,500009,83896.90,11.952435,11.95,717.146100
2026-03-01,500011,1056.21,0.105621,0.11,0.105621
2026-03-01,500015,47316.37,4.731637,4.73,4.731637
2026-03-01,500016,4167.73,0.416773,0.42,0.416773
2026-03-01,500020,27933.80,3.979610,3.98,238.776600
2026-03-01,500021,56485.60,6.344958,6.34,6.344958
2026-03-01,500022,158216.11,19.506096,19.51,19.506096
2026-03-01,500023,1257.39,0.125739,0.13,0.125739
2026-03-01,500024,59246.51,5.924651,5.92,5.924651
2026-03-01,500025,17791.43,2.534669,2.53,152.080140
2026-03-01,500026,35503.89,3.793566,3.79,3.793566
2026-03-01,500027,4282.06,0.457535,0.46,0.457535
2026-03-01,500028,95062.64,13.543171,13.54,812.590260
2026-03-01,500029,158448.22,19.534712,19.53,19.534712
2026-03-01,500030,32836.97,3.508608,3.51,3.508608
2026-03-01,500031,89318.42,11.011860,11.01,11.011860
2026-03-01,500033,134210.33,16.546479,16.55,16.546479
2026-03-01,500034,235098.20,28.984710,28.98,28.984710
2026-03-01,500036,11863.67,1.332631,1.33,1.332631
2026-03-01,500037,12624.16,1.262416,1.26,1.262416
2026-03-01,500039,58627.39,7.228034,7.23,7.228034
2026-03-01,500041,84229.26,10.384429,10.38,10.384429
2026-03-01,500044,50774.61,5.077461,5.08,5.077461
2026-03-01,500047,67589.33,9.629165,9.63,577.749900
2026-03-01,500048,4216.98,0.450581,0.45,0.450581
2026-03-02,500002,25165.95,2.826860,2.83,5.653720
2026-03-02,500004,153107.65,18.876286,18.88,37.752572
2026-03-02,500006,48303.07,5.161150,5.16,10.322300
2026-03-02,500008,10000.00,1.424658,1.42,86.904138
2026-03-02,500009,83896.90,11.952435,11.95,729.098535
2026-03-02,500011,1056.21,0.105621,0.11,0.211242
2026-03-02,500015,47316.37,4.731637,4.73,9.463274
2026-03-02,500016,4167.73,0.416773,0.42,0.833546
2026-03-02,500020,27933.80,3.979610,3.98,242.756210
2026-03-02,500021,56485.60,6.344958,6.34,12.689916
2026-03-02,500022,158216.11,19.506096,19.51,39.012192
2026-03-02,500023,1257.39,0.125739,0.13,0.251478
2026-03-02,500024,59246.51,5.924651,5.92,11.849302
2026-03-02,500025,17791.43,2.534669,2.53,154.614809
2026-03-02,500026,35503.89,3.793566,3.79,7.587132
2026-03-02,500027,4282.06,0.457535,0.46,0.915070
2026-03-02,500028,95062.64,13.543171,13.54,826.133431
2026-03-02,500029,158448.22,19.534712,19.53,39.069424
2026-03-02,500030,32836.97,3.508608,3.51,7.017216
2026-03-02,500031,89318.42,11.011860,11.01,22.023720
2026-03-02,500033,134210.33,16.546479,16.55,33.092958
2026-03-02,500034,235098.20,28.984710,28.98,57.969420
2026-03-02,500036,11863.67,1.332631,1.33,2.665262
2026-03-02,500037,12624.16,1.262416,1.26,2.524832
2026-03-02,500039,58627.39,7.228034,7.23,14.456068
2026-03-02,500041,84229.26,10.384429,10.38,20.768858
2026-03-02,500044,50774.61,5.077461,5.08,10.154922
2026-03-02,500047,67589.33,9.629165,9.63,587.379065
2026-03-02,500048,4216.98,0.450581,0.45,0.901162
2026-03-03,500002,25165.95,2.826860,2.83,8.480580
2026-03-03,500004,153107.65,18.876286,18.88,56.628858
2026-03-03,500006,48303.07,5.161150,5.16,15.483450
2026-03-03,500008,10000.00,1.424658,1.42,88.328796
2026-03-03,500009,83896.90,11.952435,11.95,741.050970
2026-03-03,500011,1056.21,0.105621,0.11,0.316863
2026-03-03,500015,47316.37,4.731637,4.73,14.194911
2026-03-03,500016,4167.73,0.416773,0.42,1.250319
2026-03-03,500020,27933.80,3.979610,3.98,246.735820
2026-03-03,500021,56485.60,6.344958,6.34,19.034874
2026-03-03,500022,158216.11,19.506096,19.51,58.518288
2026-03-03,500023,1257.39,0.125739,0.13,0.377217
2026-03-03,500024,59246.51,5.924651,5.92,17.773953
2026-03-03,500025,17791.43,2.534669,2.53,157.149478
2026-03-03,500026,35503.89,3.793566,3.79,11.380698
2026-03-03,500027,4282.06,0.457535,0.46,1.372605
2026-03-03,500028,95062.64,13.543171,13.54,839.676602
2026-03-03,500029,158448.22,19.534712,19.53,58.604136
2026-03-03,500030,32836.97,3.508608,3.51,10.525824
2026-03-03,500031,89318.42,11.011860,11.01,33.035580
2026-03-03,500033,134210.33,16.546479,16.55,49.639437
2026-03-03,500034,235098.20,28.984710,28.98,86.954130
2026-03-03,500036,11863.67,1.332631,1.33,3.997893
2026-03-03,500037,12624.16,1.262416,1.26,3.787248
2026-03-03,500039,58627.39,7.228034,7.23,21.684102
2026-03-03,500041,84229.26,10.384429,10.38,31.153287
2026-03-03,500044,50774.61,5.077461,5.08,15.232383
2026-03-03,500047,67589.33,9.629165,9.63,597.008230
2026-03-03,500048,4216.98,0.450581,0.45,1.351743
2026-03-04,500002,25165.95,2.826860,2.83,11.307440
2026-03-04,500004,153107.65,18.876286,18.88,75.505144
2026-03-04,500006,48303.07,5.161150,5.16,20.644600
2026-03-04,500008,10000.00,1.424658,1.42,89.753454
2026-03-04,500009,83896.90,11.952435,11.95,753.003405
2026-03-04,500011,1056.21,0.105621,0.11,0.422484
2026-03-04,500015,47316.37,4.731637,4.73,18.926548
2026-03-04,500016,4167.73,0.416773,0.42,1.667092
2026-03-04,500020,27933.80,3.979610,3.98,250.715430
2026-03-04,500021,56485.60,6.344958,6.34,25.379832
2026-03-04,500022,158216.11,19.506096,19.51,78.024384
2026-03-04,500023,1257.39,0.125739,0.13,0.502956
2026-03-04,500024,59246.51,5.924651,5.92,23.698604
2026-03-04,500025,17791.43,2.534669,2.53,159.684147
2026-03-04,500026,35503.89,3.793566,3.79,15.174264
2026-03-04,500027,4282.06,0.457535,0.46,1.830140
2026-03-04,500028,95062.64,13.543171,13.54,853.219773
2026-03-04,500029,158448.22,19.534712,19.53,78.138848
2026-03-04,500030,32836.97,3.508608,3.51,14.034432
2026-03-04,500031,89318.42,11.011860,11.01,44.047440
2026-03-04,500033,134210.33,16.546479,16.55,66.185916
2026-03-04,500034,235098.20,28.984710,28.98,115.938840
2026-03-04,500036,11863.67,1.332631,1.33,5.330524
2026-03-04,500037,12624.16,1.262416,1.26,5.049664
2026-03-04,500039,58627.39,7.228034,7.23,28.912136
2026-03-04,500041,84229.26,10.384429,10.38,41.537716
2026-03-04,500044,50774.61,5.077461,5.08,20.309844
2026-03-04,500047,67589.33,9.629165,9.63,606.637395
2026-03-04,500048,4216.98,0.450581,0.45,1.802324
2026-03-05,500002,25165.95,2.826860,2.83,14.134300
2026-03-05,500004,153107.65,18.876286,18.88,94.381430
2026-03-05,500006,48303.07,5.161150,5.16,25.805750
2026-03-05,500008,10000.00,1.424658,1.42,91.178112
2026-03-05,500009,83896.90,11.952435,11.95,764.955840
2026-03-05,500011,1056.21,0.105621,0.11,0.528105
2026-03-05,500015,47316.37,4.731637,4.73,23.658185
2026-03-05,500016,4167.73,0.416773,0.42,2.083865
2026-03-05,500020,27933.80,3.979610,3.98,254.695040
2026-03-05,500021,56485.60,6.344958,6.34,31.724790
2026-03-05,500022,158216.11,19.506096,19.51,97.530480
2026-03-05,500023,1257.39,0.125739,0.13,0.628695
2026-03-05,500024,59246.51,5.924651,5.92,29.623255
2026-03-05,500025,17791.43,2.534669,2.53,162.218816
2026-03-05,500026,35503.89,3.793566,3.79,18.967830
2026-03-05,500027,4282.06,0.457535,0.46,2.287675
2026-03-05,500028,95062.64,13.543171,13.54,866.762944
2026-03-05,500029,158448.22,19.534712,19.53,97.673560
2026-03-05,500030,32836.97,3.508608,3.51,17.543040
2026-03-05,500031,89318.42,11.011860,11.01,55.059300
2026-03-05,500033,134210.33,16.546479,16.55,82.732395
2026-03-05,500034,235098.20,28.984710,28.98,144.923550
2026-03-05,500036,11863.67,1.332631,1.33,6.663155
2026-03-05,500037,12624.16,1.262416,1.26,6.312080
2026-03-05,500039,58627.39,7.228034,7.23,36.140170
2026-03-05,500041,84229.26,10.384429,10.38,51.922145
2026-03-05,500044,50774.61,5.077461,5.08,25.387305
2026-03-05,500047,67589.33,9.629165,9.63,616.266560
2026-03-05,500048,4216.98,0.450581,0.45,2.252905
2026-03-06,500002,25165.95,2.826860,2.83,16.961160
2026-03-06,500004,153107.65,18.876286,18.88,113.257716
2026-03-06,500006,48303.07,5.161150,5.16,30.966900
2026-03-06,500008,10000.00,1.424658,1.42,92.602770
2026-03-06,500009,83896.90,11.952435,11.95,776.908275
2026-03-06,500011,1056.21,0.105621,0.11,0.633726
2026-03-06,500015,47316.37,4.731637,4.73,28.389822
2026-03-06,500016,4167.73,0.416773,0.42,2.500638
2026-03-06,500020,27933.80,3.979610,3.98,258.674650
2026-03-06,500021,56485.60,6.344958,6.34,38.069748
2026-03-06,500022,158216.11,19.506096,19.51,117.036576
2026-03-06,500023,1257.39,0.125739,0.13,0.754434
2026-03-06,500024,59246.51,5.924651,5.92,35.547906
2026-03-06,500025,17791.43,2.534669,2.53,164.753485
2026-03-06,500026,35503.89,3.793566,3.79,22.761396
2026-03-06,500027,4282.06,0.457535,0.46,2.745210
2026-03-06,500028,95062.64,13.543171,13.54,880.306115
2026-03-06,500029,158448.22,19.534712,19.53,117.208272
2026-03-06,500030,32836.97,3.508608,3.51,21.051648
2026-03-06,500031,89318.42,11.011860,11.01,66.071160
2026-03-06,500033,134210.33,16.546479,16.55,99.278874
2026-03-06,500034,235098.20,28.984710,28.98,173.908260
2026-03-06,500036,11863.67,1.332631,1.33,7.995786
2026-03-06,500037,12624.16,1.262416,1.26,7.574496
2026-03-06,500039,58627.39,7.228034,7.23,43.368204
2026-03-06,500041,84229.26,10.384429,10.38,62.306574
2026-03-06,500044,50774.61,5.077461,5.08,30.464766
2026-03-06,500047,67589.33,9.629165,9.63,625.895725
2026-03-06,500048,4216.98,0.450581,0.45,2.703486
2026-03-07,500002,25165.95,2.826860,2.83,19.788020
2026-03-07,500004,153107.65,18.876286,18.88,132.134002
2026-03-07,500006,48303.07,5.161150,5.16,36.128050
2026-03-07,500008,10000.00,1.424658,1.42,94.027428
2026-03-07,500009,83896.90,11.952435,11.95,788.860710
2026-03-07,500011,1056.21,0.105621,0.11,0.739347
2026-03-07,500015,47316.37,4.731637,4.73,33.121459
2026-03-07,500016,4167.73,0.416773,0.42,2.917411
2026-03-07,500020,27933.80,3.979610,3.98,262.654260
2026-03-07,500021,56485.60,6.344958,6.34,44.414706
2026-03-07,500022,158216.11,19.506096,19.51,136.542672
2026-03-07,500023,1257.39,0.125739,0.13,0.880173
2026-03-07,500024,59246.51,5.924651,5.92,41.472557
2026-03-07,500025,17791.43,2.534669,2.53,167.288154
2026-03-07,500026,35503.89,3.793566,3.79,26.554962
2026-03-07,500027,4282.06,0.457535,0.46,3.202745
2026-03-07,500028,95062.64,13.543171,13.54,893.849286
2026-03-07,500029,158448.22,19.534712,19.53,136.742984
2026-03-07,500030,32836.97,3.508608,3.51,24.560256
2026-03-07,500031,89318.42,11.011860,11.01,77.083020
2026-03-07,500033,134210.33,16.546479,16.55,115.825353
2026-03-07,500034,235098.20,28.984710,28.98,202.892970
2026-03-07,500036,11863.67,1.332631,1.33,9.328417
2026-03-07,500037,12624.16,1.262416,1.26,8.836912
2026-03-07,500039,58627.39,7.228034,7.23,50.596238
2026-03-07,500041,84229.26,10.384429,10.38,72.691003
2026-03-07,500044,50774.61,5.077461,5.08,35.542227
2026-03-07,500047,67589.33,9.629165,9.63,635.524890
2026-03-07,500048,4216.98,0.450581,0.45,3.154067
2026-03-08,500002,25165.95,2.826860,2.83,22.614880
2026-03-08,500004,153107.65,18.876286,18.88,151.010288
2026-03-08,500006,48303.07,5.161150,5.16,41.289200
2026-03-08,500008,10000.00,1.424658,1.42,95.452086
2026-03-08,500009,83896.90,11.952435,11.95,800.813145
2026-03-08,500011,1056.21,0.105621,0.11,0.844968
2026-03-08,500015,47316.37,4.731637,4.73,37.853096
2026-03-08,500016,4167.73,0.416773,0.42,3.334184
2026-03-08,500020,27933.80,3.979610,3.98,266.633870
2026-03-08,500021,56485.60,6.344958,6.34,50.759664
2026-03-08,500022,158216.11,19.506096,19.51,156.048768
2026-03-08,500023,1257.39,0.125739,0.13,1.005912
2026-03-08,500024,59246.51,5.924651,5.92,47.397208
2026-03-08,500025,17791.43,2.534669,2.53,169.822823
2026-03-08,500026,35503.89,3.793566,3.79,30.348528
2026-03-08,500027,4282.06,0.457535,0.46,3.660280
2026-03-08,500028,95062.64,13.543171,13.54,907.392457
2026-03-08,500029,158448.22,19.534712,19.53,156.277696
2026-03-08,500030,32836.97,3.508608,3.51,28.068864
2026-03-08,500031,89318.42,11.011860,11.01,88.094880
2026-03-08,500033,134210.33,16.546479,16.55,132.371832
2026-03-08,500034,235098.20,28.984710,28.98,231.877680
2026-03-08,500036,11863.67,1.332631,1.33,10.661048
2026-03-08,500037,12624.16,1.262416,1.26,10.099328
2026-03-08,500039,58627.39,7.228034,7.23,57.824272
2026-03-08,500041,84229.26,10.384429,10.38,83.075432
2026-03-08,500044,50774.61,5.077461,5.08,40.619688
2026-03-08,500047,67589.33,9.629165,9.63,645.154055
2026-03-08,500048,4216.98,0.450581,0.45,3.604648
2026-03-09,500002,25165.95,2.826860,2.83,25.441740
2026-03-09,500004,153107.65,18.876286,18.88,169.886574
2026-03-09,500006,48303.07,5.161150,5.16,46.450350
2026-03-09,500008,10000.00,1.424658,1.42,96.876744
2026-03-09,500009,83896.90,11.952435,11.95,812.765580
2026-03-09,500011,1056.21,0.105621,0.11,0.950589
2026-03-09,500015,47316.37,4.731637,4.73,42.584733
2026-03-09,500016,4167.73,0.416773,0.42,3.750957
2026-03-09,500020,27933.80,3.979610,3.98,270.613480
2026-03-09,500021,56485.60,6.344958,6.34,57.104622
2026-03-09,500022,158216.11,19.506096,19.51,175.554864
2026-03-09,500023,1257.39,0.125739,0.13,1.131651
2026-03-09,500024,59246.51,5.924651,5.92,53.321859
2026-03-09,500025,17791.43,2.534669,2.53,172.357492
2026-03-09,500026,35503.89,3.793566,3.79,34.142094
2026-03-09,500027,4282.06,0.457535,0.46,4.117815
2026-03-09,500028,95062.64,13.543171,13.54,920.935628
2026-03-09,500029,158448.22,19.534712,19.53,175.812408
2026-03-09,500030,32836.97,3.508608,3.51,31.577472
2026-03-09,500031,89318.42,11.011860,11.01,99.106740
2026-03-09,500033,134210.33,16.546479,16.55,148.918311
2026-03-09,500034,235098.20,28.984710,28.98,260.862390
2026-03-09,500036,11863.67,1.332631,1.33,11.993679
2026-03-09,500037,12624.16,1.262416,1.26,11.361744
2026-03-09,500039,58627.39,7.228034,7.23,65.052306
2026-03-09,500041,84229.26,10.384429,10.38,93.459861
2026-03-09,500044,50774.61,5.077461,5.08,45.697149
2026-03-09,500047,67589.33,9.629165,9.63,654.783220
2026-03-09,500048,4216.98,0.450581,0.45,4.055229
2026-03-10,500002,25165.95,2.826860,2.83,28.268600
2026-03-10,500004,153107.65,18.876286,18.88,188.762860
2026-03-10,500006,48303.07,5.161150,5.16,51.611500
2026-03-10,500008,10000.00,1.424658,1.42,98.301402
2026-03-10,500009,83896.90,11.952435,11.95,824.718015
2026-03-10,500011,1056.21,0.105621,0.11,1.056210
2026-03-10,500015,47316.37,4.731637,4.73,47.316370
2026-03-10,500016,4167.73,0.416773,0.42,4.167730
2026-03-10,500020,27933.80,3.979610,3.98,274.593090
2026-03-10,500021,56485.60,6.344958,6.34,63.449580
2026-03-10,500022,158216.11,19.506096,19.51,195.060960
2026-03-10,500023,1257.39,0.125739,0.13,1.257390
2026-03-10,500024,59246.51,5.924651,5.92,59.246510
2026-03-10,500025,17791.43,2.534669,2.53,174.892161
2026-03-10,500026,35503.89,3.793566,3.79,37.935660
2026-03-10,500027,4282.06,0.457535,0.46,4.575350
2026-03-10,500028,95062.64,13.543171,13.54,934.478799
2026-03-10,500029,158448.22,19.534712,19.53,195.347120
2026-03-10,500030,32836.97,3.508608,3.51,35.086080
2026-03-10,500031,89318.42,11.011860,11.01,110.118600
2026-03-10,500033,134210.33,16.546479,16.55,165.464790
2026-03-10,500034,235098.20,28.984710,28.98,289.847100
2026-03-10,500036,11863.67,1.332631,1.33,13.326310
2026-03-10,500037,12624.16,1.262416,1.26,12.624160
2026-03-10,500039,58627.39,7.228034,7.23,72.280340
2026-03-10,500041,84229.26,10.384429,10.38,103.844290
2026-03-10,500044,50774.61,5.077461,5.08,50.774610
2026-03-10,500047,67589.33,9.629165,9.63,664.412385
2026-03-10,500048,4216.98,0.450581,0.45,4.505810
2026-03-11,500002,25165.95,2.826860,2.83,31.095460
2026-03-11,500004,153107.65,18.876286,18.88,207.639146
2026-03-11,500006,48303.07,5.161150,5.16,56.772650
2026-03-11,500008,10000.00,1.424658,1.42,99.726060
2026-03-11,500009,83896.90,11.952435,11.95,836.670450
2026-03-11,500011,1056.21,0.105621,0.11,1.161831
2026-03-11,500015,47316.37,4.731637,4.73,52.048007
2026-03-11,500016,4167.73,0.416773,0.42,4.584503
2026-03-11,500020,27933.80,3.979610,3.98,278.572700
2026-03-11,500021,56485.60,6.344958,6.34,69.794538
2026-03-11,500022,158216.11,19.506096,19.51,214.567056
2026-03-11,500023,1257.39,0.125739,0.13,1.383129
2026-03-11,500024,59246.51,5.924651,5.92,65.171161
2026-03-11,500025,17791.43,2.534669,2.53,177.426830
2026-03-11,500026,35503.89,3.793566,3.79,41.729226
2026-03-11,500027,4282.06,0.457535,0.46,5.032885
2026-03-11,500028,95062.64,13.543171,13.54,948.021970
2026-03-11,500029,158448.22,19.534712,19.53,214.881832
2026-03-11,500030,32836.97,3.508608,3.51,38.594688
2026-03-11,500031,89318.42,11.011860,11.01,121.130460
2026-03-11,500033,134210.33,16.546479,16.55,182.011269
2026-03-11,500034,235098.20,28.984710,28.98,318.831810
2026-03-11,500036,11863.67,1.332631,1.33,14.658941
2026-03-11,500037,12624.16,1.262416,1.26,13.886576
2026-03-11,500039,58627.39,7.228034,7.23,79.508374
2026-03-11,500041,84229.26,10.384429,10.38,114.228719
2026-03-11,500044,50774.61,5.077461,5.08,55.852071
2026-03-11,500047,67589.33,9.629165,9.63,674.041550
2026-03-11,500048,4216.98,0.450581,0.45,4.956391
2026-03-12,500002,25165.95,2.826860,2.83,33.922320
2026-03-12,500004,153107.65,18.876286,18.88,226.515432
2026-03-12,500006,48303.07,5.161150,5.16,61.933800
2026-03-12,500008,10000.00,1.424658,1.42,101.150718
2026-03-12,500009,83896.90,11.952435,11.95,848.622885
2026-03-12,500011,1056.21,0.105621,0.11,1.267452
2026-03-12,500015,47316.37,4.731637,4.73,56.779644
2026-03-12,500016,4167.73,0.416773,0.42,5.001276
2026-03-12,500020,27933.80,3.979610,3.98,282.552310
2026-03-12,500021,56485.60,6.344958,6.34,76.139496
2026-03-12,500022,158216.11,19.506096,19.51,234.073152
2026-03-12,500023,1257.39,0.125739,0.13,1.508868
2026-03-12,500024,59246.51,5.924651,5.92,71.095812
2026-03-12,500025,17791.43,2.534669,2.53,179.961499
2026-03-12,500026,35503.89,3.793566,3.79,45.522792
2026-03-12,500027,4282.06,0.457535,0.46,5.490420
2026-03-12,500028,95062.64,13.543171,13.54,961.565141
2026-03-12,500029,158448.22,19.534712,19.53,234.416544
2026-03-12,500030,32836.97,3.508608,3.51,42.103296
2026-03-12,500031,89318.42,11.011860,11.01,132.142320
2026-03-12,500033,134210.33,16.546479,16.55,198.557748
2026-03-12,500034,235098.20,28.984710,28.98,347.816520
2026-03-12,500036,11863.67,1.332631,1.33,15.991572
2026-03-12,500037,12624.16,1.262416,1.26,15.148992
2026-03-12,500039,58627.39,7.228034,7.23,86.736408
2026-03-12,500041,84229.26,10.384429,10.38,124.613148
2026-03-12,500044,50774.61,5.077461,5.08,60.929532
2026-03-12,500047,67589.33,9.629165,9.63,683.670715
2026-03-12,500048,4216.98,0.450581,0.45,5.406972
2026-03-13,500002,25165.95,2.826860,2.83,36.749180
2026-03-13,500004,153107.65,18.876286,18.88,245.391718
2026-03-13,500006,48303.07,5.161150,5.16,67.094950
2026-03-13,500008,10000.00,1.424658,1.42,102.575376
2026-03-13,500009,83896.90,11.952435,11.95,860.575320
2026-03-13,500011,1056.21,0.105621,0.11,1.373073
2026-03-13,500015,47316.37,4.731637,4.73,61.511281
2026-03-13,500016,4167.73,0.416773,0.42,5.418049
2026-03-13,500020,27933.80,3.979610,3.98,286.531920
2026-03-13,500021,56485.60,6.344958,6.34,82.484454
2026-03-13,500022,158216.11,19.506096,19.51,253.579248
2026-03-13,500023,1257.39,0.125739,0.13,1.634607
2026-03-13,500024,59246.51,5.924651,5.92,77.020463
2026-03-13,500025,17791.43,2.534669,2.53,182.496168
2026-03-13,500026,35503.89,3.793566,3.79,49.316358
2026-03-13,500027,4282.06,0.457535,0.46,5.947955
2026-03-13,500028,95062.64,13.543171,13.54,975.108312
2026-03-13,500029,158448.22,19.534712,19.53,253.951256
2026-03-13,500030,32836.97,3.508608,3.51,45.611904
2026-03-13,500031,89318.42,11.011860,11.01,143.154180
2026-03-13,500033,134210.33,16.546479,16.55,215.104227
2026-03-13,500034,235098.20,28.984710,28.98,376.801230
2026-03-13,500036,11863.67,1.332631,1.33,17.324203
2026-03-13,500037,12624.16,1.262416,1.26,16.411408
2026-03-13,500039,58627.39,7.228034,7.23,93.964442
2026-03-13,500041,84229.26,10.384429,10.38,134.997577
2026-03-13,500044,50774.61,5.077461,5.08,66.006993
2026-03-13,500047,67589.33,9.629165,9.63,693.299880
2026-03-13,500048,4216.98,0.450581,0.45,5.857553
2026-03-14,500002,25165.95,2.826860,2.83,39.576040
2026-03-14,500004,153107.65,18.876286,18.88,264.268004
2026-03-14,500006,48303.07,5.161150,5.16,72.256100
2026-03-14,500008,10000.00,1.424658,1.42,104.000034
2026-03-14,500009,83896.90,11.952435,11.95,872.527755
2026-03-14,500011,1056.21,0.105621,0.11,1.478694
2026-03-14,500015,47316.37,4.731637,4.73,66.242918
2026-03-14,500016,4167.73,0.416773,0.42,5.834822
2026-03-14,500020,27933.80,3.979610,3.98,290.511530
2026-03-14,500021,56485.60,6.344958,6.34,88.829412
2026-03-14,500022,158216.11,19.506096,19.51,273.085344
2026-03-14,500023,1257.39,0.125739,0.13,1.760346
2026-03-14,500024,59246.51,5.924651,5.92,82.945114
2026-03-14,500025,17791.43,2.534669,2.53,185.030837
2026-03-14,500026,35503.89,3.793566,3.79,53.109924
2026-03-14,500027,4282.06,0.457535,0.46,6.405490
2026-03-14,500028,95062.64,13.543171,13.54,988.651483
2026-03-14,500029,158448.22,19.534712,19.53,273.485968
2026-03-14,500030,32836.97,3.508608,3.51,49.120512
2026-03-14,500031,89318.42,11.011860,11.01,154.166040
2026-03-14,500033,134210.33,16.546479,16.55,231.650706
2026-03-14,500034,235098.20,28.984710,28.98,405.785940
2026-03-14,500036,11863.67,1.332631,1.33,18.656834
2026-03-14,500037,12624.16,1.262416,1.26,17.673824
2026-03-14,500039,58627.39,7.228034,7.23,101.192476
2026-03-14,500041,84229.26,10.384429,10.38,145.382006
2026-03-14,500044,50774.61,5.077461,5.08,71.084454
2026-03-14,500047,67589.33,9.629165,9.63,702.929045
2026-03-14,500048,4216.98,0.450581,0.45,6.308134
2026-03-15,500002,25165.95,2.826860,2.83,42.402900
2026-03-15,500004,153107.65,18.876286,18.88,283.144290
2026-03-15,500006,48303.07,5.161150,5.16,77.417250
2026-03-15,500008,10000.00,1.424658,1.42,105.424692
2026-03-15,500009,83896.90,11.952435,11.95,884.480190
2026-03-15,500011,1056.21,0.105621,0.11,1.584315
2026-03-15,500015,47316.37,4.731637,4.73,70.974555
2026-03-15,500016,4167.73,0.416773,0.42,6.251595
2026-03-15,500020,27933.80,3.979610,3.98,294.491140
2026-03-15,500021,56485.60,6.344958,6.34,95.174370
2026-03-15,500022,158216.11,19.506096,19.51,292.591440
2026-03-15,500023,1257.39,0.125739,0.13,1.886085
2026-03-15,500024,59246.51,5.924651,5.92,88.869765
2026-03-15,500025,17791.43,2.534669,2.53,187.565506
2026-03-15,500026,35503.89,3.793566,3.79,56.903490
2026-03-15,500027,4282.06,0.457535,0.46,6.863025
2026-03-15,500028,95062.64,13.543171,13.54,1002.194654
2026-03-15,500029,158448.22,19.534712,19.53,293.020680
2026-03-15,500030,32836.97,3.508608,3.51,52.629120
2026-03-15,500031,89318.42,11.011860,11.01,165.177900
2026-03-15,500033,134210.33,16.546479,16.55,248.197185
2026-03-15,500034,235098.20,28.984710,28.98,434.770650
2026-03-15,500036,11863.67,1.332631,1.33,19.989465
2026-03-15,500037,12624.16,1.262416,1.26,18.936240
2026-03-15,500039,58627.39,7.228034,7.23,108.420510
2026-03-15,500041,84229.26,10.384429,10.38,155.766435
2026-03-15,500044,50774.61,5.077461,5.08,76.161915
2026-03-15,500047,67589.33,9.629165,9.63,712.558210
2026-03-15,500048,4216.98,0.450581,0.45,6.758715
2026-03-16,500002,25165.95,2.826860,2.83,45.229760
2026-03-16,500004,153107.65,18.876286,18.88,302.020576
2026-03-16,500006,48303.07,5.161150,5.16,82.578400
2026-03-16,500008,10000.00,1.424658,1.42,106.849350
2026-03-16,500009,83896.90,11.952435,11.95,896.432625
2026-03-16,500011,1056.21,0.105621,0.11,1.689936
2026-03-16,500015,47316.37,4.731637,4.73,75.706192
2026-03-16,500016,4167.73,0.416773,0.42,6.668368
2026-03-16,500020,27933.80,3.979610,3.98,298.470750
2026-03-16,500021,56485.60,6.344958,6.34,101.519328
2026-03-16,500022,158216.11,19.506096,19.51,312.097536
2026-03-16,500023,1257.39,0.125739,0.13,2.011824
2026-03-16,500024,59246.51,5.924651,5.92,94.794416
2026-03-16,500025,17791.43,2.534669,2.53,190.100175
2026-03-16,500026,35503.89,3.793566,3.79,60.697056
2026-03-16,500027,4282.06,0.457535,0.46,7.320560
2026-03-16,500028,95062.64,13.543171,13.54,1015.737825
2026-03-16,500029,158448.22,19.534712,19.53,312.555392
2026-03-16,500030,32836.97,3.508608,3.51,56.137728
2026-03-16,500031,89318.42,11.011860,11.01,176.189760
2026-03-16,500033,134210.33,16.546479,16.55,264.743664
2026-03-16,500034,235098.20,28.984710,28.98,463.755360
2026-03-16,500036,11863.67,1.332631,1.33,21.322096
2026-03-16,500037,12624.16,1.262416,1.26,20.198656
2026-03-16,500039,58627.39,7.228034,7.23,115.648544
2026-03-16,500041,84229.26,10.384429,10.38,166.150864
2026-03-16,500044,50774.61,5.077461,5.08,81.239376
2026-03-16,500047,67589.33,9.629165,9.63,722.187375
2026-03-16,500048,4216.98,0.450581,0.45,7.209296
2026-03-17,500002,25165.95,2.826860,2.83,48.056620
2026-03-17,500004,153107.65,18.876286,18.88,320.896862
2026-03-17,500006,48303.07,5.161150,5.16,87.739550
2026-03-17,500008,10000.00,1.424658,1.42,108.274008
2026-03-17,500009,83896.90,11.952435,11.95,908.385060
2026-03-17,500011,1056.21,0.105621,0.11,1.795557
2026-03-17,500015,47316.37,4.731637,4.73,80.437829
2026-03-17,500016,4167.73,0.416773,0.42,7.085141
2026-03-17,500020,27933.80,3.979610,3.98,302.450360
2026-03-17,500021,56485.60,6.344958,6.34,107.864286
2026-03-17,500022,158216.11,19.506096,19.51,331.603632
2026-03-17,500023,1257.39,0.125739,0.13,2.137563
2026-03-17,500024,59246.51,5.924651,5.92,100.719067
2026-03-17,500025,17791.43,2.534669,2.53,192.634844
2026-03-17,500026,35503.89,3.793566,3.79,64.490622
2026-03-17,500027,4282.06,0.457535,0.46,7.778095
2026-03-17,500028,95062.64,13.543171,13.54,1029.280996
2026-03-17,500029,158448.22,19.534712,19.53,332.090104
2026-03-17,500030,32836.97,3.508608,3.51,59.646336
2026-03-17,500031,89318.42,11.011860,11.01,187.201620
2026-03-17,500033,134210.33,16.546479,16.55,281.290143
2026-03-17,500034,235098.20,28.984710,28.98,492.740070
2026-03-17,500036,11863.67,1.332631,1.33,22.654727
2026-03-17,500037,12624.16,1.262416,1.26,21.461072
2026-03-17,500039,58627.39,7.228034,7.23,122.876578
2026-03-17,500041,84229.26,10.384429,10.38,176.535293
2026-03-17,500044,50774.61,5.077461,5.08,86.316837
2026-03-17,500047,67589.33,9.629165,9.63,731.816540
2026-03-17,500048,4216.98,0.450581,0.45,7.659877
2026-03-18,500002,25165.95,2.826860,2.83,50.883480
2026-03-18,500004,153107.65,18.876286,18.88,339.773148
2026-03-18,500006,48303.07,5.161150,5.16,92.900700
2026-03-18,500008,10000.00,1.424658,1.42,109.698666
2026-03-18,500009,83896.90,11.952435,11.95,920.337495
2026-03-18,500011,1056.21,0.105621,0.11,1.901178
2026-03-18,500015,47316.37,4.731637,4.73,85.169466
2026-03-18,500016,4167.73,0.416773,0.42,7.501914
2026-03-18,500020,27933.80,3.979610,3.98,306.429970
2026-03-18,500021,56485.60,6.344958,6.34,114.209244
2026-03-18,500022,158216.11,19.506096,19.51,351.109728
2026-03-18,500023,1257.39,0.125739,0.13,2.263302
2026-03-18,500024,59246.51,5.924651,5.92,106.643718
2026-03-18,500025,17791.43,2.534669,2.53,195.169513
2026-03-18,500026,35503.89,3.793566,3.79,68.284188
2026-03-18,500027,4282.06,0.457535,0.46,8.235630
2026-03-18,500028,95062.64,13.543171,13.54,1042.824167
2026-03-18,500029,158448.22,19.534712,19.53,351.624816
2026-03-18,500030,32836.97,3.508608,3.51,63.154944
2026-03-18,500031,89318.42,11.011860,11.01,198.213480
2026-03-18,500033,134210.33,16.546479,16.55,297.836622
2026-03-18,500034,235098.20,28.984710,28.98,521.724780
2026-03-18,500036,11863.67,1.332631,1.33,23.987358
2026-03-18,500037,12624.16,1.262416,1.26,22.723488
2026-03-18,500039,58627.39,7.228034,7.23,130.104612
2026-03-18,500041,84229.26,10.384429,10.38,186.919722
2026-03-18,500044,50774.61,5.077461,5.08,91.394298
2026-03-18,500047,67589.33,9.629165,9.63,741.445705
2026-03-18,500048,4216.98,0.450581,0.45,8.110458
2026-03-19,500002,25165.95,2.826860,2.83,53.710340
2026-03-19,500004,153107.65,18.876286,18.88,358.649434
2026-03-19,500006,48303.07,5.161150,5.16,98.061850
2026-03-19,500008,10000.00,1.424658,1.42,111.123324
2026-03-19,500009,83896.90,11.952435,11.95,932.289930
2026-03-19,500011,1056.21,0.105621,0.11,2.006799
2026-03-19,500015,47316.37,4.731637,4.73,89.901103
2026-03-19,500016,4167.73,0.416773,0.42,7.918687
2026-03-19,500020,27933.80,3.979610,3.98,310.409580
2026-03-19,500021,56485.60,6.344958,6.34,120.554202
2026-03-19,500022,158216.11,19.506096,19.51,370.615824
2026-03-19,500023,1257.39,0.125739,0.13,2.389041
2026-03-19,500024,59246.51,5.924651,5.92,112.568369
2026-03-19,500025,17791.43,2.534669,2.53,197.704182
2026-03-19,500026,35503.89,3.793566,3.79,72.077754
2026-03-19,500027,4282.06,0.457535,0.46,8.693165
2026-03-19,500028,95062.64,13.543171,13.54,1056.367338
2026-03-19,500029,158448.22,19.534712,19.53,371.159528
2026-03-19,500030,32836.97,3.508608,3.51,66.663552
2026-03-19,500031,89318.42,11.011860,11.01,209.225340
2026-03-19,500033,134210.33,16.546479,16.55,314.383101
2026-03-19,500034,235098.20,28.984710,28.98,550.709490
2026-03-19,500036,11863.67,1.332631,1.33,25.319989
2026-03-19,500037,12624.16,1.262416,1.26,23.985904
2026-03-19,500039,58627.39,7.228034,7.23,137.332646
2026-03-19,500041,84229.26,10.384429,10.38,197.304151
2026-03-19,500044,50774.61,5.077461,5.08,96.471759
2026-03-19,500047,67589.33,9.629165,9.63,751.074870
2026-03-19,500048,4216.98,0.450581,0.45,8.561039
2026-03-20,500002,25165.95,2.826860,2.83,56.537200
2026-03-20,500004,153107.65,18.876286,18.88,377.525720
2026-03-20,500006,48303.07,5.161150,5.16,103.223000
2026-03-20,500008,10000.00,1.424658,1.42,112.547982
2026-03-20,500009,83896.90,11.952435,11.95,944.242365
2026-03-20,500011,1056.21,0.105621,0.11,2.112420
2026-03-20,500015,47316.37,4.731637,4.73,94.632740
2026-03-20,500016,4167.73,0.416773,0.42,8.335460
2026-03-20,500020,27933.80,3.979610,3.98,314.389190
2026-03-20,500021,56485.60,6.344958,6.34,126.899160
2026-03-20,500022,158216.11,19.506096,19.51,390.121920
2026-03-20,500023,1257.39,0.125739,0.13,2.514780
2026-03-20,500024,59246.51,5.924651,5.92,118.493020
2026-03-20,500025,17791.43,2.534669,2.53,200.238851
2026-03-20,500026,35503.89,3.793566,3.79,75.871320
2026-03-20,500027,4282.06,0.457535,0.46,9.150700
2026-03-20,500028,95062.64,13.543171,13.54,1069.910509
2026-03-20,500029,158448.22,19.534712,19.53,390.694240
2026-03-20,500030,32836.97,3.508608,3.51,70.172160
2026-03-20,500031,89318.42,11.011860,11.01,220.237200
2026-03-20,500033,134210.33,16.546479,16.55,330.929580
2026-03-20,500034,235098.20,28.984710,28.98,579.694200
2026-03-20,500036,11863.67,1.332631,1.33,26.652620
2026-03-20,500037,12624.16,1.262416,1.26,25.248320
2026-03-20,500039,58627.39,7.228034,7.23,144.560680
2026-03-20,500041,84229.26,10.384429,10.38,207.688580
2026-03-20,500044,50774.61,5.077461,5.08,101.549220
2026-03-20,500047,67589.33,9.629165,9.63,760.704035
2026-03-20,500048,4216.98,0.450581,0.45,9.011620
2026-03-21,500002,25165.95,2.826860,2.83,59.364060
2026-03-21,500004,153107.65,18.876286,18.88,396.402006
2026-03-21,500006,48303.07,5.161150,5.16,108.384150
2026-03-21,500008,10000.00,1.424658,1.42,113.972640
2026-03-21,500009,83896.90,11.952435,11.95,956.194800
2026-03-21,500011,1056.21,0.105621,0.11,2.218041
2026-03-21,500015,47316.37,4.731637,4.73,99.364377
2026-03-21,500016,4167.73,0.416773,0.42,8.752233
2026-03-21,500020,27933.80,3.979610,3.98,318.368800
2026-03-21,500021,56485.60,6.344958,6.34,133.244118
2026-03-21,500022,158216.11,19.506096,19.51,409.628016
2026-03-21,500023,1257.39,0.125739,0.13,2.640519
2026-03-21,500024,59246.51,5.924651,5.92,124.417671
2026-03-21,500025,17791.43,2.534669,2.53,202.773520
2026-03-21,500026,35503.89,3.793566,3.79,79.664886
2026-03-21,500027,4282.06,0.457535,0.46,9.608235
2026-03-21,500028,95062.64,13.543171,13.54,1083.453680
2026-03-21,500029,158448.22,19.534712,19.53,410.228952
2026-03-21,500030,32836.97,3.508608,3.51,73.680768
2026-03-21,500031,89318.42,11.011860,11.01,231.249060
2026-03-21,500033,134210.33,16.546479,16.55,347.476059
2026-03-21,500034,235098.20,28.984710,28.98,608.678910
2026-03-21,500036,11863.67,1.332631,1.33,27.985251
2026-03-21,500037,12624.16,1.262416,1.26,26.510736
2026-03-21,500039,58627.39,7.228034,7.23,151.788714
2026-03-21,500041,84229.26,10.384429,10.38,218.073009
2026-03-21,500044,50774.61,5.077461,5.08,106.626681
2026-03-21,500047,67589.33,9.629165,9.63,770.333200
2026-03-21,500048,4216.98,0.450581,0.45,9.462201
2026-03-22,500002,25165.95,2.826860,2.83,62.190920
2026-03-22,500004,153107.65,18.876286,18.88,415.278292
2026-03-22,500006,48303.07,5.161150,5.16,113.545300
2026-03-22,500008,10000.00,1.424658,1.42,115.397298
2026-03-22,500009,83896.90,11.952435,11.95,968.147235
2026-03-22,500011,1056.21,0.105621,0.11,2.323662
2026-03-22,500015,47316.37,4.731637,4.73,104.096014
2026-03-22,500016,4167.73,0.416773,0.42,9.169006
2026-03-22,500020,27933.80,3.979610,3.98,322.348410
2026-03-22,500021,56485.60,6.344958,6.34,139.589076
2026-03-22,500022,158216.11,19.506096,19.51,429.134112
2026-03-22,500023,1257.39,0.125739,0.13,2.766258
2026-03-22,500024,59246.51,5.924651,5.92,130.342322
2026-03-22,500025,17791.43,2.534669,2.53,205.308189
2026-03-22,500026,35503.89,3.793566,3.79,83.458452
2026-03-22,500027,4282.06,0.457535,0.46,10.065770
2026-03-22,500028,95062.64,13.543171,13.54,1096.996851
2026-03-22,500029,158448.22,19.534712,19.53,429.763664
2026-03-22,500030,32836.97,3.508608,3.51,77.189376
2026-03-22,500031,89318.42,11.011860,11.01,242.260920
2026-03-22,500033,134210.33,16.546479,16.55,364.022538
2026-03-22,500034,235098.20,28.984710,28.98,637.663620
2026-03-22,500036,11863.67,1.332631,1.33,29.317882
2026-03-22,500037,12624.16,1.262416,1.26,27.773152
2026-03-22,500039,58627.39,7.228034,7.23,159.016748
2026-03-22,500041,84229.26,10.384429,10.38,228.457438
2026-03-22,500044,50774.61,5.077461,5.08,111.704142
2026-03-22,500047,67589.33,9.629165,9.63,779.962365
2026-03-22,500048,4216.98,0.450581,0.45,9.912782
2026-03-23,500002,25165.95,2.826860,2.83,65.017780
2026-03-23,500004,153107.65,18.876286,18.88,434.154578
2026-03-23,500006,48303.07,5.161150,5.16,118.706450
2026-03-23,500008,10000.00,1.424658,1.42,116.821956
2026-03-23,500009,83896.90,11.952435,11.95,980.099670
2026-03-23,500011,1056.21,0.105621,0.11,2.429283
2026-03-23,500015,47316.37,4.731637,4.73,108.827651
2026-03-23,500016,4167.73,0.416773,0.42,9.585779
2026-03-23,500020,27933.80,3.979610,3.98,326.328020
2026-03-23,500021,56485.60,6.344958,6.34,145.934034
2026-03-23,500022,158216.11,19.506096,19.51,448.640208
2026-03-23,500023,1257.39,0.125739,0.13,2.891997
2026-03-23,500024,59246.51,5.924651,5.92,136.266973
2026-03-23,500025,17791.43,2.534669,2.53,207.842858
2026-03-23,500026,35503.89,3.793566,3.79,87.252018
2026-03-23,500027,4282.06,0.457535,0.46,10.523305
2026-03-23,500028,95062.64,13.543171,13.54,1110.540022
2026-03-23,500029,158448.22,19.534712,19.53,449.298376
2026-03-23,500030,32836.97,3.508608,3.51,80.697984
2026-03-23,500031,89318.42,11.011860,11.01,253.272780
2026-03-23,500033,134210.33,16.546479,16.55,380.569017
2026-03-23,500034,235098.20,28.984710,28.98,666.648330
2026-03-23,500036,11863.67,1.332631,1.33,30.650513
2026-03-23,500037,12624.16,1.262416,1.26,29.035568
2026-03-23,500039,58627.39,7.228034,7.23,166.244782
2026-03-23,500041,84229.26,10.384429,10.38,238.841867
2026-03-23,500044,50774.61,5.077461,5.08,116.781603
2026-03-23,500047,67589.33,9.629165,9.63,789.591530
2026-03-23,500048,4216.98,0.450581,0.45,10.363363
2026-03-24,500002,25165.95,2.826860,2.83,67.844640
2026-03-24,500004,153107.65,18.876286,18.88,453.030864
2026-03-24,500006,48303.07,5.161150,5.16,123.867600
2026-03-24,500008,10000.00,1.424658,1.42,118.246614
2026-03-24,500009,83896.90,11.952435,11.95,992.052105
2026-03-24,500011,1056.21,0.105621,0.11,2.534904
2026-03-24,500015,47316.37,4.731637,4.73,113.559288
2026-03-24,500016,4167.73,0.416773,0.42,10.002552
2026-03-24,500020,27933.80,3.979610,3.98,330.307630
2026-03-24,500021,56485.60,6.344958,6.34,152.278992
2026-03-24,500022,158216.11,19.506096,19.51,468.146304
2026-03-24,500023,1257.39,0.125739,0.13,3.017736
2026-03-24,500024,59246.51,5.924651,5.92,142.191624
2026-03-24,500025,17791.43,2.534669,2.53,210.377527
2026-03-24,500026,35503.89,3.793566,3.79,91.045584
2026-03-24,500027,4282.06,0.457535,0.46,10.980840
2026-03-24,500028,95062.64,13.543171,13.54,1124.083193
2026-03-24,500029,158448.22,19.534712,19.53,468.833088
2026-03-24,500030,32836.97,3.508608,3.51,84.206592
2026-03-24,500031,89318.42,11.011860,11.01,264.284640
2026-03-24,500033,134210.33,16.546479,16.55,397.115496
2026-03-24,500034,235098.20,28.984710,28.98,695.633040
2026-03-24,500036,11863.67,1.332631,1.33,31.983144
2026-03-24,500037,12624.16,1.262416,1.26,30.297984
2026-03-24,500039,58627.39,7.228034,7.23,173.472816
2026-03-24,500041,84229.26,10.384429,10.38,249.226296
2026-03-24,500044,50774.61,5.077461,5.08,121.859064
2026-03-24,500047,67589.33,9.629165,9.63,799.220695
2026-03-24,500048,4216.98,0.450581,0.45,10.813944
2026-03-25,500002,25165.95,2.826860,2.83,70.671500
2026-03-25,500004,153107.65,18.876286,18.88,471.907150
2026-03-25,500006,48303.07,5.161150,5.16,129.028750
2026-03-25,500008,10000.00,1.424658,1.42,119.671272
2026-03-25,500009,83896.90,11.952435,11.95,1004.004540
2026-03-25,500011,1056.21,0.105621,0.11,2.640525
2026-03-25,500015,47316.37,4.731637,4.73,118.290925
2026-03-25,500016,4167.73,0.416773,0.42,10.419325
2026-03-25,500020,27933.80,3.979610,3.98,334.287240
2026-03-25,500021,56485.60,6.344958,6.34,158.623950
2026-03-25,500022,158216.11,19.506096,19.51,487.652400
2026-03-25,500023,1257.39,0.125739,0.13,3.143475
2026-03-25,500024,59246.51,5.924651,5.92,148.116275
2026-03-25,500025,17791.43,2.534669,2.53,212.912196
2026-03-25,500026,35503.89,3.793566,3.79,94.839150
2026-03-25,500027,4282.06,0.457535,0.46,11.438375
2026-03-25,500028,95062.64,13.543171,13.54,1137.626364
2026-03-25,500029,158448.22,19.534712,19.53,488.367800
2026-03-25,500030,32836.97,3.508608,3.51,87.715200
2026-03-25,500031,89318.42,11.011860,11.01,275.296500
2026-03-25,500033,134210.33,16.546479,16.55,413.661975
2026-03-25,500034,235098.20,28.984710,28.98,724.617750
2026-03-25,500036,11863.67,1.332631,1.33,33.315775
2026-03-25,500037,12624.16,1.262416,1.26,31.560400
2026-03-25,500039,58627.39,7.228034,7.23,180.700850
2026-03-25,500041,84229.26,10.384429,10.38,259.610725
2026-03-25,500044,50774.61,5.077461,5.08,126.936525
2026-03-25,500047,67589.33,9.629165,9.63,808.849860
2026-03-25,500048,4216.98,0.450581,0.45,11.264525
2026-03-26,500002,25165.95,2.826860,2.83,73.498360
2026-03-26,500004,153107.65,18.876286,18.88,490.783436
2026-03-26,500006,48303.07,5.161150,5.16,134.189900
2026-03-26,500008,10000.00,1.424658,1.42,121.095930
2026-03-26,500009,83896.90,11.952435,11.95,1015.956975
2026-03-26,500011,1056.21,0.105621,0.11,2.746146
2026-03-26,500015,47316.37,4.731637,4.73,123.022562
2026-03-26,500016,4167.73,0.416773,0.42,10.836098
2026-03-26,500020,27933.80,3.979610,3.98,338.266850
2026-03-26,500021,56485.60,6.344958,6.34,164.968908
2026-03-26,500022,158216.11,19.506096,19.51,507.158496
2026-03-26,500023,1257.39,0.125739,0.13,3.269214
2026-03-26,500024,59246.51,5.924651,5.92,154.040926
2026-03-26,500025,17791.43,2.534669,2.53,215.446865
2026-03-26,500026,35503.89,3.793566,3.79,98.632716
2026-03-26,500027,4282.06,0.457535,0.46,11.895910
2026-03-26,500028,95062.64,13.543171,13.54,1151.169535
2026-03-26,500029,158448.22,19.534712,19.53,507.902512
2026-03-26,500030,32836.97,3.508608,3.51,91.223808
2026-03-26,500031,89318.42,11.011860,11.01,286.308360
2026-03-26,500033,134210.33,16.546479,16.55,430.208454
2026-03-26,500034,235098.20,28.984710,28.98,753.602460
2026-03-26,500036,11863.67,1.332631,1.33,34.648406
2026-03-26,500037,12624.16,1.262416,1.26,32.822816
2026-03-26,500039,58627.39,7.228034,7.23,187.928884
2026-03-26,500041,84229.26,10.384429,10.38,269.995154
2026-03-26,500044,50774.61,5.077461,5.08,132.013986
2026-03-26,500047,67589.33,9.629165,9.63,818.479025
2026-03-26,500048,4216.98,0.450581,0.45,11.715106
2026-03-27,500002,25165.95,2.826860,2.83,76.325220
2026-03-27,500004,153107.65,18.876286,18.88,509.659722
2026-03-27,500006,48303.07,5.161150,5.16,139.351050
2026-03-27,500008,10000.00,1.424658,1.42,122.520588
2026-03-27,500009,83896.90,11.952435,11.95,1027.909410
2026-03-27,500011,1056.21,0.105621,0.11,2.851767
2026-03-27,500015,47316.37,4.731637,4.73,127.754199
2026-03-27,500016,4167.73,0.416773,0.42,11.252871
2026-03-27,500020,27933.80,3.979610,3.98,342.246460
2026-03-27,500021,56485.60,6.344958,6.34,171.313866
2026-03-27,500022,158216.11,19.506096,19.51,526.664592
2026-03-27,500023,1257.39,0.125739,0.13,3.394953
2026-03-27,500024,59246.51,5.924651,5.92,159.965577
2026-03-27,500025,17791.43,2.534669,2.53,217.981534
2026-03-27,500026,35503.89,3.793566,3.79,102.426282
2026-03-27,500027,4282.06,0.457535,0.46,12.353445
2026-03-27,500028,95062.64,13.543171,13.54,1164.712706
2026-03-27,500029,158448.22,19.534712,19.53,527.437224
2026-03-27,500030,32836.97,3.508608,3.51,94.732416
2026-03-27,500031,89318.42,11.011860,11.01,297.320220
2026-03-27,500033,134210.33,16.546479,16.55,446.754933
2026-03-27,500034,235098.20,28.984710,28.98,782.587170
2026-03-27,500036,11863.67,1.332631,1.33,35.981037
2026-03-27,500037,12624.16,1.262416,1.26,34.085232
2026-03-27,500039,58627.39,7.228034,7.23,195.156918
2026-03-27,500041,84229.26,10.384429,10.38,280.379583
2026-03-27,500044,50774.61,5.077461,5.08,137.091447
2026-03-27,500047,67589.33,9.629165,9.63,828.108190
2026-03-27,500048,4216.98,0.450581,0.45,12.165687
2026-03-28,500002,25165.95,2.826860,2.83,79.152080
2026-03-28,500004,153107.65,18.876286,18.88,528.536008
2026-03-28,500006,48303.07,5.161150,5.16,144.512200
2026-03-28,500008,10000.00,1.424658,1.42,123.945246
2026-03-28,500009,83896.90,11.952435,11.95,1039.861845
2026-03-28,500011,1056.21,0.105621,0.11,2.957388
2026-03-28,500015,47316.37,4.731637,4.73,132.485836
2026-03-28,500016,4167.73,0.416773,0.42,11.669644
2026-03-28,500020,27933.80,3.979610,3.98,346.226070
2026-03-28,500021,56485.60,6.344958,6.34,177.658824
2026-03-28,500022,158216.11,19.506096,19.51,546.170688
2026-03-28,500023,1257.39,0.125739,0.13,3.520692
2026-03-28,500024,59246.51,5.924651,5.92,165.890228
2026-03-28,500025,17791.43,2.534669,2.53,220.516203
2026-03-28,500026,35503.89,3.793566,3.79,106.219848
2026-03-28,500027,4282.06,0.457535,0.46,12.810980
2026-03-28,500028,95062.64,13.543171,13.54,1178.255877
2026-03-28,500029,158448.22,19.534712,19.53,546.971936
2026-03-28,500030,32836.97,3.508608,3.51,98.241024
2026-03-28,500031,89318.42,11.011860,11.01,308.332080
2026-03-28,500033,134210.33,16.546479,16.55,463.301412
2026-03-28,500034,235098.20,28.984710,28.98,811.571880
2026-03-28,500036,11863.67,1.332631,1.33,37.313668
2026-03-28,500037,12624.16,1.262416,1.26,35.347648
2026-03-28,500039,58627.39,7.228034,7.23,202.384952
2026-03-28,500041,84229.26,10.384429,10.38,290.764012
2026-03-28,500044,50774.61,5.077461,5.08,142.168908
2026-03-28,500047,67589.33,9.629165,9.63,837.737355
2026-03-28,500048,4216.98,0.450581,0.45,12.616268
2026-03-29,500002,25165.95,2.826860,2.83,81.978940
2026-03-29,500004,153107.65,18.876286,18.88,547.412294
2026-03-29,500006,48303.07,5.161150,5.16,149.673350
2026-03-29,500008,10000.00,1.424658,1.42,125.369904
2026-03-29,500009,83896.90,11.952435,11.95,1051.814280
2026-03-29,500011,1056.21,0.105621,0.11,3.063009
2026-03-29,500015,47316.37,4.731637,4.73,137.217473
2026-03-29,500016,4167.73,0.416773,0.42,12.086417
2026-03-29,500020,27933.80,3.979610,3.98,350.205680
2026-03-29,500021,56485.60,6.344958,6.34,184.003782
2026-03-29,500022,158216.11,19.506096,19.51,565.676784
2026-03-29,500023,1257.39,0.125739,0.13,3.646431
2026-03-29,500024,59246.51,5.924651,5.92,171.814879
2026-03-29,500025,17791.43,2.534669,2.53,223.050872
2026-03-29,500026,35503.89,3.793566,3.79,110.013414
2026-03-29,500027,4282.06,0.457535,0.46,13.268515
2026-03-29,500028,95062.64,13.543171,13.54,1191.799048
2026-03-29,500029,158448.22,19.534712,19.53,566.506648
2026-03-29,500030,32836.97,3.508608,3.51,101.749632
2026-03-29,500031,89318.42,11.011860,11.01,319.343940
2026-03-29,500033,134210.33,16.546479,16.55,479.847891
2026-03-29,500034,235098.20,28.984710,28.98,840.556590
2026-03-29,500036,11863.67,1.332631,1.33,38.646299
2026-03-29,500037,12624.16,1.262416,1.26,36.610064
2026-03-29,500039,58627.39,7.228034,7.23,209.612986
2026-03-29,500041,84229.26,10.384429,10.38,301.148441
2026-03-29,500044,50774.61,5.077461,5.08,147.246369
2026-03-29,500047,67589.33,9.629165,9.63,847.366520
2026-03-29,500048,4216.98,0.450581,0.45,13.066849
2026-03-30,500002,25165.95,2.826860,2.83,84.805800
2026-03-30,500004,153107.65,18.876286,18.88,566.288580
2026-03-30,500006,48303.07,5.161150,5.16,154.834500
2026-03-30,500008,10000.00,1.424658,1.42,126.794562
2026-03-30,500009,83896.90,11.952435,11.95,1063.766715
2026-03-30,500011,1056.21,0.105621,0.11,3.168630
2026-03-30,500015,47316.37,4.731637,4.73,141.949110
2026-03-30,500016,4167.73,0.416773,0.42,12.503190
2026-03-30,500020,27933.80,3.979610,3.98,354.185290
2026-03-30,500021,56485.60,6.344958,6.34,190.348740
2026-03-30,500022,158216.11,19.506096,19.51,585.182880
2026-03-30,500023,1257.39,0.125739,0.13,3.772170
2026-03-30,500024,59246.51,5.924651,5.92,177.739530
2026-03-30,500025,17791.43,2.534669,2.53,225.585541
2026-03-30,500026,35503.89,3.793566,3.79,113.806980
2026-03-30,500027,4282.06,0.457535,0.46,13.726050
2026-03-30,500028,95062.64,13.543171,13.54,1205.342219
2026-03-30,500029,158448.22,19.534712,19.53,586.041360
2026-03-30,500030,32836.97,3.508608,3.51,105.258240
2026-03-30,500031,89318.42,11.011860,11.01,330.355800
2026-03-30,500033,134210.33,16.546479,16.55,496.394370
2026-03-30,500034,235098.20,28.984710,28.98,869.541300
2026-03-30,500036,11863.67,1.332631,1.33,39.978930
2026-03-30,500037,12624.16,1.262416,1.26,37.872480
2026-03-30,500039,58627.39,7.228034,7.23,216.841020
2026-03-30,500041,84229.26,10.384429,10.38,311.532870
2026-03-30,500044,50774.61,5.077461,5.08,152.323830
2026-03-30,500047,67589.33,9.629165,9.63,856.995685
2026-03-30,500048,4216.98,0.450581,0.45,13.517430
2026-03-31,500002,25165.95,2.826860,2.83,87.632660
2026-03-31,500004,153107.65,18.876286,18.88,585.164866
2026-03-31,500006,48303.07,5.161150,5.16,159.995650
2026-03-31,500008,10000.00,1.424658,1.42,128.219220
2026-03-31,500009,83896.90,11.952435,11.95,1075.719150
2026-03-31,500011,1056.21,0.105621,0.11,3.274251
2026-03-31,500015,47316.37,4.731637,4.73,146.680747
2026-03-31,500016,4167.73,0.416773,0.42,12.919963
2026-03-31,500020,27933.80,3.979610,3.98,358.164900
2026-03-31,500021,56485.60,6.344958,6.34,196.693698
2026-03-31,500022,158216.11,19.506096,19.51,604.688976
2026-03-31,500023,1257.39,0.125739,0.13,3.897909
2026-03-31,500024,59246.51,5.924651,5.92,183.664181
2026-03-31,500025,17791.43,2.534669,2.53,228.120210
2026-03-31,500026,35503.89,3.793566,3.79,117.600546
2026-03-31,500027,4282.06,0.457535,0.46,14.183585
2026-03-31,500028,95062.64,13.543171,13.54,1218.885390
2026-03-31,500029,158448.22,19.534712,19.53,605.576072
2026-03-31,500030,32836.97,3.508608,3.51,108.766848
2026-03-31,500031,89318.42,11.011860,11.01,341.367660
2026-03-31,500033,134210.33,16.546479,16.55,512.940849
2026-03-31,500034,235098.20,28.984710,28.98,898.526010
2026-03-31,500036,11863.67,1.332631,1.33,41.311561
2026-03-31,500037,12624.16,1.262416,1.26,39.134896
2026-03-31,500039,58627.39,7.228034,7.23,224.069054
2026-03-31,500041,84229.26,10.384429,10.38,321.917299
2026-03-31,500044,50774.61,5.077461,5.08,157.401291
2026-03-31,500047,67589.33,9.629165,9.63,866.624850
2026-03-31,500048,4216.98,0.450581,0.45,13.968011
